1,https://www.ndtv.com/telangana-news/telanganas-assaulted-officer-c-anita-breaks-down-wanted-to-do-something-good-2062167,20,99,74,0
,,,,,
1,https://www.ndtv.com/noida-news/foreigners-among-35-arrested-in-alleged-sex-trade-at-noida-spa-centres-2061856,15,318,161,0
,,,,,
1,https://www.ndtv.com/delhi-news/delhi-robbery-delhi-couple-robbed-at-gunpoint-in-shocking-video-children-were-in-car-2062078,29,145,62,0
,,,,,
1,https://www.ndtv.com/india-news/separatists-close-schools-in-kashmir-but-send-their-children-abroad-for-studies-says-amit-shah-2062423,27,551,545,0
,,,,,
1,https://www.ndtv.com/india-news/time-will-come-when-sufis-pandits-will-be-seen-together-in-kashmir-amit-shah-2062337,13,86,76,0
,,,,,
1,https://www.ndtv.com/entertainment/soundarya-rajinikanth-deletes-pool-pic-with-son-after-internet-reminds-her-of-chennais-water-crisis-2062040,11,105,90,0
,,,,,
1,https://www.ndtv.com/karnataka-news/karnataka-congress-mla-anand-singh-reportedly-quits-bjp-keeping-a-close-watch-2062028,7,35,32,0
,,,,,
1,https://www.ndtv.com/entertainment/from-malaika-arora-to-trolls-who-call-her-desperate-for-dating-younger-arjun-kapoor-take-a-flying-2062081,9,19,10,0
,,,,,
1,https://www.ndtv.com/south/chennai-bus-strike-more-than-3-000-buses-and-23-000-workers-go-on-strike-over-salary-issues-2061887,5,20,9,0
,,,,,
1,https://www.ndtv.com/entertainment/feel-almost-paralysed-comedian-tanmay-bhat-reveals-hes-battling-depression-2061920,7,232,97,0
,,,,,
1,https://www.ndtv.com/business/indian-railways-irctc-new-time-table-49-new-trains-added-261-speeded-up-2062381,6,32,25,0
,,,,,
1,https://www.ndtv.com/india-news/rss-chief-mohan-bhagwat-6-top-sangh-leaders-join-twitter-2061918,9,58,34,0
,,,,,
1,https://www.ndtv.com/business/need-to-improve-capital-markets-further-viral-acharya-2062305,1,0,0,0
,,,,,
1,https://www.ndtv.com/india-news/500-year-old-pak-gurudwara-opens-doors-for-indian-pilgrims-2062140,1,0,0,0
,,,,,
1,https://www.ndtv.com/india-news/ahead-of-meeting-rahul-gandhi-ashok-gehlot-talks-of-national-poll-defeat-2062104,3,28,29,0
,,,,,
1,https://www.ndtv.com/andhra-pradesh-news/for-jagan-reddys-demolition-drive-more-notices-to-tdp-for-illegal-construction-2062369,3,9,8,0
,,,,,
1,https://www.ndtv.com/india-news/india-suffers-driest-june-in-five-years-fears-for-crops-2061992,3,0,0,0
,,,,,
1,https://www.ndtv.com/india-news/cant-accept-gifts-without-permission-uttar-pradesh-government-employees-told-2061921,2,5,0,0
,,,,,
1,https://www.ndtv.com/cities/whats-normal-anyway-over-1-000-attend-vadodaras-queer-pride-parade-2061849,0,0,0,0
,,,,,
1,https://sports.ndtv.com/hindi/cricket/sri-lanka-vs-west-indies-live-score-over-match-39-odi-21-25-updates-2062208,0,0,0,0
,,,,,
1,https://www.ndtv.com/india-news/journalists-locked-up-as-yogi-adityanath-visits-hospital-officials-deny-2061930,13,172,98,0
,,,,,
1,https://www.ndtv.com/entertainment/soundarya-rajinikanth-deletes-pool-pic-with-son-after-internet-reminds-her-of-chennais-water-crisis-2062040,11,105,90,0
,,,,,
1,https://www.ndtv.com/delhi-news/tight-security-at-delhis-hauz-qazi-after-two-groups-clash-over-parking-space-2062385,21,357,243,0
,,,,,
1,https://www.ndtv.com/entertainment/zaira-wasim-quits-bollywood-raveena-tandon-wishes-ungrateful-two-film-olds-would-exit-gracefully-2061967,31,1780,1485,0
,,,,,
1,https://www.ndtv.com/india-news/sunny-deol-appoints-representative-in-gurdaspur-voters-betrayed-says-congress-2062406,52,593,520,0
,,,,,
1,https://www.ndtv.com/india-news/mumbai-rain-heavy-overnight-rain-in-mumbai-some-trains-delayed-after-waterlogging-on-tracks-2061892,16,328,91,0
,,,,,
1,https://www.ndtv.com/india-news/new-railway-timetable-to-come-into-effect-from-today-2061876,6,15,3,0
,,,,,
1,https://www.ndtv.com/entertainment/feel-almost-paralysed-comedian-tanmay-bhat-reveals-hes-battling-depression-2061920,7,232,97,0
,,,,,
1,https://www.ndtv.com/india-news/pm-modi-after-passage-of-j-k-bills-such-bipartisan-support-is-gladdening-2062415,9,17,10,0
,,,,,
1,https://www.ndtv.com/india-news/priyanka-gandhi-vadra-accuses-yogi-adityanath-government-of-muzzling-media-2061845,5,17,19,0
,,,,,
1,https://www.ndtv.com/karnataka-news/karnataka-congress-mla-anand-singh-reportedly-quits-bjp-keeping-a-close-watch-2062028,7,35,32,0
,,,,,
1,https://www.ndtv.com/south/chennai-bus-strike-more-than-3-000-buses-and-23-000-workers-go-on-strike-over-salary-issues-2061887,5,20,9,0
,,,,,
1,https://www.ndtv.com/business/budget-2019-gst-goods-and-services-tax-collections-at-rs-99-939-crore-in-june-2062238,1,6,6,0
,,,,,
1,https://www.ndtv.com/delhi-news/burari-a-year-since-delhi-family-deaths-relative-says-dissatisfied-with-probe-2061851,1,4,3,0
,,,,,
1,https://www.ndtv.com/india-news/gurmeet-ram-rahim-withdraws-parole-application-after-row-2062363,2,3,0,0
,,,,,
1,https://www.ndtv.com/india-news/ahead-of-meeting-rahul-gandhi-ashok-gehlot-talks-of-national-poll-defeat-2062104,3,28,29,0
,,,,,
1,https://www.ndtv.com/delhi-news/bjp-alleges-scam-in-classroom-upgrades-in-delhi-arvind-kejriwal-hits-back-2062371,2,4,9,0
,,,,,
1,https://www.ndtv.com/india-news/5-indian-sailors-kidnapped-by-pirates-in-nigeria-to-return-today-2061864,1,0,0,0
,,,,,
1,https://www.ndtv.com/bengali/senior-bjp-leader-kailash-vijayvargiya-called-his-son-akash-a-novice-player-2062011,0,0,0,0
,,,,,
1,https://sports.ndtv.com/hindi/cricket/sri-lanka-vs-west-indies-live-score-over-match-39-odi-11-15-updates-2062171,0,0,0,0
,,,,,
2,https://www.ndtv.com/india-news/murder-accused-family-in-jail-madhya-pradesh-cops-care-for-pet-labrador-2063029,17,99,55,0
,,,,,
2,https://www.ndtv.com/india-news/vijay-mallya-allowed-to-appeal-against-extradition-by-uk-court-report-2062952,12,73,69,0
,,,,,
2,https://www.ndtv.com/world-news/pakistan-pm-imran-khan-has-assets-worth-over-10-crore-also-owns-4-goats-2063033,11,93,35,0
,,,,,
2,https://www.ndtv.com/india-news/pm-narendra-modi-upset-after-kailash-vijayvargiyas-son-akash-vijayvargiya-hits-civic-official-in-ind-2062589,209,5478,4569,0
,,,,,
2,https://www.ndtv.com/offbeat/even-lionel-messi-cant-cow-leaves-twitter-impressed-with-football-skills-2063037,10,115,106,0
,,,,,
2,https://www.ndtv.com/jaipur-news/7-year-old-girl-allegedly-kidnapped-raped-in-jaipur-2062776,10,131,91,0
,,,,,
2,https://www.ndtv.com/mumbai-news/spicejet-plane-overshoots-runway-while-landing-at-mumbai-airport-2062437,5,33,33,0
,,,,,
2,https://www.ndtv.com/world-news/in-clapham-south-london-body-of-stowaway-thought-to-have-fallen-from-kenya-airways-plane-found-2062643,6,2,1,0
,,,,,
2,https://www.ndtv.com/jobs/inspiring-journey-of-b-abdul-nasar-an-ias-officer-orphaned-at-5-he-is-a-district-collector-now-2062910,5,39,25,0
,,,,,
2,https://www.ndtv.com/india-news/sonia-gandhi-opposes-move-to-privatise-rae-bareli-coach-factory-2062660,7,26,28,0
,,,,,
2,https://www.ndtv.com/cities/mumbai-rains-on-plan-to-cut-54-000-magroves-milind-deora-asks-devendra-fadnavis-if-bullet-train-save-2062681,5,59,100,0
,,,,,
2,https://www.ndtv.com/india-news/cbi-launches-special-drive-against-banking-fraud-accused-carries-out-50-raids-registers-14-cases-2062605,7,64,5,0
,,,,,
2,https://www.ndtv.com/business/moodys-india-unit-sends-ceo-on-leave-amid-whistleblower-probe-2062902,1,6,6,0
,,,,,
2,https://www.ndtv.com/education/net-answer-key-at-nta-website-challenge-till-july-3-2062504,1,1,0,0
,,,,,
2,https://www.ndtv.com/business/union-budget-2019-sensex-nifty-stock-markets-how-stock-markets-have-fared-since-february-1-budget-2062484,1,6,6,0
,,,,,
2,https://www.ndtv.com/india-news/pm-narendra-modi-to-kick-off-bjp-membership-drive-from-varanasi-on-july-6-2062619,1,1,0,0
,,,,,
2,https://www.ndtv.com/world-news/sri-lanka-police-chief-pujith-jayasundara-arrested-over-alleged-failure-to-prevent-terror-attack-2062874,4,6,0,0
,,,,,
2,https://www.ndtv.com/mumbai-news/mumbai-rains-waterlogging-outside-matoshree-uddhav-thackerays-bandra-mumbai-residence-2062912,3,0,0,0
,,,,,
2,https://www.ndtv.com/world-news/claudia-winkleman-vanessa-feltz-zoe-ball-join-bbcs-list-of-its-top-10-earners-after-gender-pay-gap-r-2062936,0,0,0,0
,,,,,
2,https://sports.ndtv.com/cricket/pakistan-coach-disappointed-india-didnt-help-them-reach-world-cup-semifinals-2063001,0,0,0,0
,,,,,
3,https://www.ndtv.com/karnataka-news/karnataka-leopard-brutally-killed-with-sticks-stones-by-mob-in-chitradurga-2063591,13,105,67,0
,,,,,
3,https://www.ndtv.com/business/budget-2019-inheritance-tax-may-be-reintroduced-to-increase-government-kitty-say-experts-2063210,11,127,56,0
,,,,,
3,https://www.ndtv.com/india-news/rahul-gandhis-open-letter-full-text-at-times-i-stood-completely-alone-2063455,41,125,81,0
,,,,,
3,https://www.ndtv.com/india-news/rahul-gandhi-resigns-congress-top-job-may-go-to-sushil-kumar-shinde-or-mallikarjun-kharge-2063485,85,478,259,0
,,,,,
3,https://www.ndtv.com/india-news/rahul-gandhi-drops-president-congress-from-twitter-bio-now-says-this-2063568,15,68,59,0
,,,,,
3,https://www.ndtv.com/india-news/prime-minister-narendra-modi-furious-at-akash-vijayvargiya-if-i-have-to-lose-an-mla-so-be-it-2063144,207,298,192,0
,,,,,
3,https://www.ndtv.com/india-news/bjp-mp-hans-raj-hans-poetic-performance-on-sufism-wins-opposition-applause-2063463,6,13,0,0
,,,,,
3,https://www.ndtv.com/india-news/mumbai-to-muscat-flight-declares-full-emergency-after-engine-failure-2063537,7,3,0,0
,,,,,
3,https://www.ndtv.com/india-news/nusrat-jahan-calls-for-peace-in-bengal-time-we-ended-this-violence-2063048,8,7,1,0
,,,,,
3,https://www.ndtv.com/india-news/mumbai-rains-maharashtra-dam-breach-kills-2-more-than-20-still-missing-2063093,8,8,4,0
,,,,,
3,https://www.ndtv.com/india-news/actor-bhagyashrees-husband-himalaya-dasani-arrested-over-alleged-role-in-gambling-racket-2063487,6,47,32,0
,,,,,
3,https://www.ndtv.com/india-news/bk-birla-dead-bk-birla-patriarch-of-birla-group-dies-at-98-2063582,6,0,0,0
,,,,,
3,https://www.ndtv.com/india-news/economic-survey-to-chart-out-reform-road-map-of-modi-2-0-government-2063691,1,5,5,0
,,,,,
3,https://www.ndtv.com/india-news/allahabad-high-court-judge-writes-to-pm-modi-on-nepotism-in-judges-appointments-2063571,4,3,2,0
,,,,,
3,https://www.ndtv.com/india-news/pm-modi-meets-gujarat-man-khimchandbhai-who-cycled-to-delhi-to-celebrate-bjps-300-plus-mark-2063423,4,0,0,0
,,,,,
3,https://www.ndtv.com/india-news/parliament-session-bjps-locket-chatterjee-vs-trinamool-in-parliament-over-cut-money-2063295,4,8,1,0
,,,,,
3,https://www.ndtv.com/world-news/bangladesh-high-court-declares-countrys-rivers-legal-persons-2063061,3,12,12,0
,,,,,
3,https://www.ndtv.com/education/bstc-result-2019-check-here-2063207,1,4,0,0
,,,,,
3,https://www.ndtv.com/kolkata-news/fake-indian-currency-worth-rs-6-5-lakh-seized-in-kolkata-3-arrested-2063369,0,0,0,0
,,,,,
3,https://www.ndtv.com/mumbai-news/mumbai-rains-western-railways-works-despite-record-rain-in-mumbai-calls-it-monsoon-miracle-2063248,0,0,0,0
,,,,,
4,https://www.ndtv.com/india-news/two-patients-one-bed-man-woman-forced-to-share-stretcher-at-indore-hospital-2063831,24,126,42,0
,,,,,
4,https://www.ndtv.com/india-news/rahul-gandhi-sued-by-rss-worker-for-remark-after-gauri-lankeshs-death-in-court-today-2063773,11,12,2,0
,,,,,
4,https://www.ndtv.com/business/real-gdp-growth-projected-at-7-per-cent-for-2019-20-in-economic-survey-2063862,38,583,357,0
,,,,,
4,https://www.ndtv.com/tamil-nadu-news/mk-stalins-son-udhayanidhi-stalin-to-head-dmk-youth-wing-that-his-father-led-for-35-years-2063935,13,67,31,0
,,,,,
4,https://www.ndtv.com/cities/suspected-cattle-thief-beaten-to-death-in-tripura-2063712,17,25,11,0
,,,,,
4,https://www.ndtv.com/karnataka-news/5-karnataka-students-arrested-for-allegedly-raping-teen-making-video-2063706,60,387,304,0
,,,,,
4,https://www.ndtv.com/business/budget-2019-nirmala-sitharaman-to-present-her-first-budget-expectations-preview-announcements-2064268,7,31,33,0
,,,,,
4,https://www.ndtv.com/india-news/legislator-mukhtar-ansari-acquitted-in-2005-murder-case-of-bjp-leader-2063717,5,26,32,0
,,,,,
4,https://www.ndtv.com/gurgaon-news/gurgaon-traffic-jam-gurgaon-rain-delhi-rain-today-heavy-rain-leads-to-waterlogging-hour-long-traffic-2064302,8,50,25,0
,,,,,
4,https://www.ndtv.com/world-news/sharjah-rulers-son-39-dies-in-london-police-probe-unexplained-death-2063892,6,134,71,0
,,,,,
4,https://www.ndtv.com/india-news/bjp-lawmaker-akash-vijayvargiya-who-hit-civic-official-with-cricket-bat-in-madhya-pradeshs-indore-is-2064136,6,12,1,0
,,,,,
4,https://www.ndtv.com/business/budget-2019-economy-can-get-to-virtuous-cycle-with-private-investments-krishnamurthy-subramanian-2064255,7,38,21,0
,,,,,
4,https://www.ndtv.com/education/du-cut-off-2019-du-2nd-cut-off-for-ba-programme-complete-list-here-2063846,1,3,3,0
,,,,,
4,https://www.ndtv.com/india-news/economic-survey-2019-p-chidambaram-says-government-is-pessimistic-about-economy-2064151,1,3,3,0
,,,,,
4,https://www.ndtv.com/india-news/hd-deve-gowda-names-lawmaker-hk-kumaraswamy-karnataka-jds-president-2064147,1,0,0,0
,,,,,
4,https://www.ndtv.com/cities/kalyan-3-arrested-on-culpable-homicide-charges-in-wall-collapse-case-near-mumbai-2064072,2,1,0,0
,,,,,
4,https://www.ndtv.com/entertainment/inside-ravi-dubey-and-sargun-mehtas-dreamy-vacation-in-maldives-2064331,1,5,0,0
,,,,,
4,https://www.ndtv.com/india-news/centre-plans-to-use-artificial-intelligence-to-help-farmers-2063716,1,3,0,0
,,,,,
4,https://www.ndtv.com/cities/mathura-woman-commits-suicide-after-failing-college-exam-police-2064369,0,0,0,0
,,,,,
4,https://www.ndtv.com/education/5-new-medical-colleges-to-be-opened-in-up-this-month-minister-2063850,0,0,0,0
,,,,,
5,https://www.ndtv.com/business/union-budget-2019-as-nirmala-sitharaman-presents-budget-heres-what-has-got-cheaper-expensive-2064613,21,129,85,0
,,,,,
5,https://www.ndtv.com/business/aadhaar-for-nris-on-arrival-without-waiting-nirmala-sitharaman-in-budget-2064549,21,182,96,0
,,,,,
5,https://www.ndtv.com/business/budget-2019-india-to-become-3-trillion-economy-this-year-nirmala-sitharaman-2064501,18,74,20,0
,,,,,
5,https://www.ndtv.com/india-news/in-viral-video-rahul-gandhi-seen-watching-movie-in-delhi-theatre-2064961,48,365,247,0
,,,,,
5,https://www.ndtv.com/india-news/haryana-makes-sit-ups-in-schools-compulsory-calls-it-super-brain-yoga-2064410,18,93,59,0
,,,,,
5,https://www.ndtv.com/india-news/maharashtra-minister-tanaji-sawant-blames-crabs-for-dam-burst-that-killed-18-2064467,33,156,16,0
,,,,,
5,https://www.ndtv.com/business/union-budget-2019-tax-for-wealthy-focus-on-poor-nirmala-sitharamans-budget-in-10-points-2065003,7,6,0,0
,,,,,
5,https://www.ndtv.com/india-news/top-court-to-hear-case-against-lic-for-duping-5-crore-policy-holders-2064386,7,38,11,0
,,,,,
5,https://www.ndtv.com/delhi-news/delhi-school-principal-allegedly-drugs-rapes-teacher-on-campus-arrested-2065047,8,100,49,0
,,,,,
5,https://www.ndtv.com/india-news/congress-slams-union-budget-2019-says-it-is-old-wine-in-new-bottle-2064803,6,10,18,0
,,,,,
5,https://www.ndtv.com/delhi-news/will-consider-free-travel-for-senior-citizens-students-delhi-chief-minister-arvind-kejriwal-2064383,7,1,11,0
,,,,,
5,https://www.ndtv.com/delhi-news/six-year-old-girl-allegedly-raped-by-24-year-old-in-delhis-dwarka-arrested-2064438,5,42,12,0
,,,,,
5,https://www.ndtv.com/india-news/union-budget-2019-india-will-be-open-defecation-free-this-year-says-finance-minister-nirmala-sithara-2064596,1,1,0,0
,,,,,
5,https://www.ndtv.com/india-news/budget-2019-17-iconic-sites-to-be-transformed-into-world-class-destinations-to-boost-tourism-nirmala-2064638,1,0,0,0
,,,,,
5,https://www.ndtv.com/business/budget-2019-nirmala-sitharaman-carries-budget-documents-in-red-bag-bahi-khata-budget-briefcase-histo-2064457,1,2,0,0
,,,,,
5,https://www.ndtv.com/india-news/budget-2019-what-is-cheaper-and-what-is-costlier-2064619,1,6,2,0
,,,,,
5,https://www.ndtv.com/offbeat/steve-irwins-son-recreates-his-iconic-crocodile-pic-after-15-years-2064558,1,8,3,0
,,,,,
5,https://www.ndtv.com/india-news/defence-ministry-approves-army-headquarters-restructuring-plans-army-chief-bipin-rawat-2064773,2,1,2,0
,,,,,
5,https://www.ndtv.com/india-news/cbi-couldnt-search-for-weapons-in-narendra-dabholkar-probe-bombay-high-court-pull-up-maharashtra-gov-2064382,0,0,0,0
,,,,,
5,https://www.ndtv.com/india-news/nirmala-sitharaman-talks-of-zero-budget-farming-allocation-up-by-78-per-cent-2064992,0,0,0,0
,,,,,
6,https://www.ndtv.com/india-news/punjab-chief-minister-amarinder-singh-says-congress-must-look-for-charismatic-young-leader-to-replac-2065144,17,39,19,0
,,,,,
6,https://www.ndtv.com/india-news/watch-rahul-gandhi-savours-dosa-in-patna-after-bail-in-defamation-case-2065427,18,91,73,0
,,,,,
6,https://www.ndtv.com/india-news/congress-on-karnataka-rebellion-modi-means-mischievously-orchestrated-defections-in-india-2065381,34,139,124,0
,,,,,
6,https://www.ndtv.com/karnataka-news/8-congress-3-jds-lawmakers-meet-speaker-in-crisis-for-karnataka-government-2065211,14,15,10,0
,,,,,
6,https://www.ndtv.com/opinion/gone-gandhi-gone-and-yet-congress-has-no-plan-b-2065203,28,562,452,0
,,,,,
6,https://www.ndtv.com/karnataka-news/karnataka-congress-jds-coalition-on-the-brink-after-11-mlas-give-resignations-10-facts-2065434,18,56,55,0
,,,,,
6,https://www.ndtv.com/india-news/jai-shri-ram-slogan-is-used-to-beat-up-people-says-amartya-sen-2065099,9,59,35,0
,,,,,
6,https://www.ndtv.com/india-news/top-congress-leaders-meet-on-next-party-chief-rahul-gandhi-absent-2065347,6,0,3,0
,,,,,
6,https://www.ndtv.com/india-news/connect-with-bjp-family-says-pm-narendra-modi-will-launch-membership-drive-from-varanasi-today-2065100,7,26,5,0
,,,,,
6,https://www.ndtv.com/india-news/professional-pessimists-pm-modi-slams-those-criticizing-budget-2019-2065188,9,120,28,0
,,,,,
6,https://www.ndtv.com/delhi-news/2-men-in-east-delhi-snatch-womans-bag-cops-accused-of-not-filing-case-2065461,5,6,0,0
,,,,,
6,https://www.ndtv.com/entertainment/inside-priyanka-chopra-and-nick-jonas-date-night-cooking-extravaganza-2065231,5,16,17,0
,,,,,
6,https://www.ndtv.com/indians-abroad/parm-sandhu-of-metropolitan-police-sues-scotland-yard-over-racism-2065399,3,31,16,0
,,,,,
6,https://www.ndtv.com/india-news/union-budget-disappointed-people-of-andhra-pradesh-chandrababu-naidu-2065088,2,2,22,0
,,,,,
6,https://www.ndtv.com/india-news/mj-akbar-targets-journalist-priya-ramanis-tweets-articles-in-cross-examination-2065215,1,3,3,0
,,,,,
6,https://www.ndtv.com/education/jee-vacant-seats-in-engineering-no-additional-seats-in-civil-mechanical-recommends-aicte-2065339,1,3,4,0
,,,,,
6,https://www.ndtv.com/india-news/top-quotes-from-pm-modis-address-to-bjp-workers-in-varanasi-2065177,1,0,0,0
,,,,,
6,https://www.ndtv.com/tamil-nadu-news/mdmk-chief-v-gopalaswamy-vaiko-files-nomination-for-rajya-sabha-polls-day-after-conviction-2065415,2,7,6,0
,,,,,
6,https://sports.ndtv.com/cricket/sri-lanka-vs-india-live-score-over-match-44-odi-21-25-updates-2065284,0,0,0,0
,,,,,
6,https://www.ndtv.com/india-news/endangered-snow-leopard-spotted-on-nelong-valley-bridge-in-uttarakhand-2065267,0,0,0,0
,,,,,
7,https://www.ndtv.com/kerala-news/kerala-catholic-priest-accused-of-sexually-abusing-boys-arrested-2065605,14,392,96,0
,,,,,
7,https://www.ndtv.com/cities/haryana-doctor-rajiv-gupta-shot-dead-by-men-on-bike-opposition-attacks-government-2065634,14,187,101,0
,,,,,
7,https://www.ndtv.com/india-news/sanjay-nirupam-attacks-milind-deora-on-resignation-amid-turmoil-in-mumbai-congress-2065731,21,384,127,0
,,,,,
7,https://www.ndtv.com/india-news/budget-2019-super-rich-tax-rate-still-lower-than-in-china-us-south-africa-says-finance-ministry-2065736,29,274,89,0
,,,,,
7,https://www.ndtv.com/science/isro-chandrayaan-2-moon-mission-first-images-of-indias-satellite-pragyaan-rover-lift-off-next-week-2065737,15,215,214,0
,,,,,0
7,https://www.ndtv.com/india-news/majority-reeling-under-poverty-and-pm-modi-talking-about-cake-mayawati-2065773,10,44,28,0
,,,,,
7,https://www.ndtv.com/karnataka-news/attempt-to-divide-us-mallikarjun-kharge-denies-top-post-rumours-amid-karnataka-crisis-2065597,6,42,54,0
,,,,,
7,https://www.ndtv.com/entertainment/seen-priyanka-chopra-and-nick-jonas-romantic-dance-video-from-tuscany-vacation-yet-2065607,9,261,35,0
,,,,,
7,https://www.ndtv.com/tamil-nadu-news/tamil-nadu-activist-t-mugilan-missing-since-6-months-found-in-andhra-pradesh-2065552,8,103,81,0
,,,,,
7,https://www.ndtv.com/karnataka-news/on-karnataka-political-crisis-state-bjp-chief-bs-yeddyurappa-says-nowhere-related-to-this-2065613,7,6,3,0
,,,,,
7,https://www.ndtv.com/pune-news/zomato-pune-eatery-fined-rs-55-000-for-serving-butter-chicken-instead-of-paneer-butter-masala-2065763,6,161,40,0
,,,,,
7,https://www.ndtv.com/india-news/sunny-deols-election-expenditure-found-to-be-more-than-rs-70-lakh-limit-2065505,6,33,18,0
,,,,,
7,https://www.ndtv.com/india-news/centre-plans-rs-50-lakh-crore-investment-in-railways-by-2030-piyush-goyal-2065527,1,1,0,0
,,,,,
7,https://www.ndtv.com/business/budget-2019-fuel-petrol-diesel-price-hike-to-have-very-marginal-impact-on-inflation-finance-secretar-2065617,2,13,6,0
,,,,,
7,https://www.ndtv.com/business/budget-2019-income-tax-i-t-department-to-suo-motu-allot-pan-card-to-those-only-furnishing-aadhaar-of-2065655,1,4,3,0
,,,,,
7,https://www.ndtv.com/world-news/disney-star-cameron-boyce-dies-of-seizure-at-20-report-2065723,3,23,12,0
,,,,,
7,https://www.ndtv.com/andhra-pradesh-news/n-chandrababu-naidu-must-vacate-residence-alla-ramakrishna-reddy-2065767,1,4,3,0
,,,,,
7,https://www.ndtv.com/world-news/why-queen-elizabeth-prince-philip-missed-great-grandson-archies-christening-2065616,3,9,3,0
,,,,,
7,https://www.ndtv.com/india-news/31-fishermen-missing-in-bay-of-bengal-13-rescued-from-bangladesh-waters-2065771,0,0,0,0
,,,,,
7,https://sports.ndtv.com/cricket/lockie-ferguson-untroubled-by-new-zealands-underdogs-tag-in-world-cup-semi-final-vs-india-2065757,0,0,0,0
,,,,,
8,https://www.ndtv.com/karnataka-news/congresss-breakfast-meet-as-karnataka-ruling-coalition-wobbles-10-facts-2065862,37,783,816,0
,,,,,
8,https://www.ndtv.com/india-news/india-lodges-diplomatic-protest-over-new-un-report-that-alleges-rights-violations-in-jammu-and-kashm-2066103,11,16,7,0
,,,,,
8,https://www.ndtv.com/india-news/shabana-azmi-says-it-is-necessary-to-always-point-out-countrys-flaws-2065782,19,329,214,0
,,,,,
8,https://www.ndtv.com/world-news/rich-indians-to-the-rescue-as-chinese-tourists-shun-thailand-2065837,10,143,44,0
,,,,,
8,https://www.ndtv.com/india-news/rajnath-singh-in-parliament-says-bjp-has-nothing-to-do-with-karnataka-crisis-as-ruling-coalition-str-2066002,14,39,18,0
,,,,,
8,https://www.ndtv.com/india-news/on-video-at-least-15-men-beaten-forced-to-chant-gau-mata-ki-jai-in-madhya-pradesh-2065817,15,137,81,0
,,,,,
8,https://www.ndtv.com/offbeat/zomatos-viral-ghar-ka-khana-tweet-triggers-hilarious-responses-2066152,5,69,43,0
,,,,,
8,https://www.ndtv.com/india-news/bjps-wait-and-watch-stance-as-congress-jds-coalition-crumbles-in-karnataka-2066293,6,7,3,0
,,,,,
8,https://www.ndtv.com/india-news/jyotiraditya-scindia-for-chief-posters-appear-and-vanish-within-hours-in-bhopal-2066268,5,17,18,0
,,,,,
8,https://www.ndtv.com/world-news/imran-khan-to-stay-at-ambassador-s-residence-during-us-visit-avoid-expensive-hotels-report-2065872,9,17,6,0
,,,,,
8,https://www.ndtv.com/india-news/camera-reveals-last-moments-of-killed-nanda-devi-climbers-2066281,5,51,23,0
,,,,,
8,https://www.ndtv.com/entertainment/a-3-part-ramayana-with-500-crore-budget-announced-no-casting-details-yet-2065969,5,3,2,0
,,,,,
8,https://www.ndtv.com/india-news/trinamool-congress-lawmakers-protest-against-disinvestment-in-rajya-sabha-2066105,1,0,0,0
,,,,,
8,https://www.ndtv.com/world-news/deutsche-bank-careers-ended-with-an-envelope-a-hug-and-a-cab-ride-2066243,2,8,5,0
,,,,,
8,https://www.ndtv.com/cities/student-stabs-teacher-multiple-times-over-homework-in-haryana-school-2066318,1,47,44,0
,,,,,
8,https://www.ndtv.com/cities/more-than-100-bombs-recovered-from-west-bengals-birbhum-district-2065785,2,8,5,0
,,,,,
8,https://www.ndtv.com/entertainment/trending-amala-paul-on-how-she-filmed-the-nude-scene-in-aadai-2066094,3,64,64,0
,,,,,
8,https://www.ndtv.com/india-news/bjp-lawmakers-hema-malini-rajiv-pratap-rudy-question-centre-over-tourism-2066309,4,174,180,0
,,,,,
8,https://www.ndtv.com/world-news/iran-passes-uranium-enrichment-cap-set-in-2015-nuclear-deal-2066123,0,0,0,0
,,,,,
8,https://www.ndtv.com/delhi-news/heavy-rainfall-expected-in-delhi-ncr-in-next-24-hours-weather-office-2065849,0,0,0,0
,,,,,
9,https://www.ndtv.com/opinion/4-things-need-to-urgently-fix-in-indias-education-system-2066554,38,368,49,0
,,,,,
9,https://www.ndtv.com/india-news/saravana-bhavans-p-rajagopals-request-for-time-on-medical-grounds-to-serve-life-term-for-murder-deni-2066474,21,456,135,0
,,,,,
9,https://www.ndtv.com/india-news/rahul-gandhi-to-appear-in-court-for-amit-shah-murder-accused-defamation-case-2066398,11,121,88,0
,,,,,
9,https://www.ndtv.com/karnataka-news/karnataka-crisis-karnataka-coalition-fights-to-survive-rebels-at-unknown-mumbai-hotel-2066417,31,1569,563,0
,,,,,
9,https://www.ndtv.com/india-news/law-minister-ravi-shankar-prasad-supreme-court-judges-should-avoid-harsh-words-2066364,12,185,52,0
,,,,,
9,https://www.ndtv.com/business/the-mystery-of-the-missing-rs-1-7-lakh-crore-in-indias-budget-2066524,13,319,89,0
,,,,,
9,https://www.ndtv.com/business/budget-highlights-30-billion-wiped-off-india-stocks-as-tax-clarity-eludes-market-2066842,9,45,29,0
,,,,,
9,https://www.ndtv.com/karnataka-news/karnataka-congress-lawmaker-sowmya-reddy-keeps-party-guessing-after-sonia-gandhi-meet-2066647,5,123,73,0
,,,,,
9,https://www.ndtv.com/mumbai-news/urmila-matondkars-letter-flaying-sanjay-nirupam-aides-surfaces-amid-feud-in-mumbai-regional-congress-2066357,6,35,39,0
,,,,,
9,https://www.ndtv.com/india-news/congress-opposes-jallianwala-bagh-bill-in-lok-sabha-bjp-counters-shashi-tharoor-2066422,7,161,127,0
,,,,,
9,https://www.ndtv.com/offbeat/mumbais-dabbang-woman-rickshaw-driver-relates-her-story-in-viral-post-2066609,6,22,29,0
,,,,,
9,https://www.ndtv.com/world-news/washington-hit-by-heavy-rains-floods-white-house-basement-offices-leak-2066346,8,62,28,0
,,,,,
9,https://www.ndtv.com/business/chief-economic-adviser-krishnamurthy-subramanian-says-right-time-to-raise-funds-through-sovereign-bo-2066477,1,0,0,0
,,,,,
9,https://www.ndtv.com/india-news/delhi-lucknow-tejas-express-first-train-to-be-run-by-private-operators-2066378,1,1,0,0
,,,,,
9,https://www.ndtv.com/hyderabad-news/class-10-boy-allegedly-attempts-suicide-after-being-ragged-by-schoolmates-2066384,1,0,0,0
,,,,,
9,https://www.ndtv.com/world-news/saudi-crown-prince-mohammed-bin-salman-sister-hassa-bint-salman-on-trial-over-alleged-beating-of-wor-2066799,2,7,2,0
,,,,,
9,https://www.ndtv.com/world-news/us-approves-potential-2-2-billion-weapons-sale-to-taiwan-2066488,1,0,0,0
,,,,,
9,https://www.ndtv.com/entertainment/im-sindhi-tamannaah-bhatia-denies-she-paid-twice-market-rate-for-new-flat-2066862,1,5,4,0
,,,,,
9,https://www.ndtv.com/education/cbse-teacher-salary-hrd-says-no-proposal-under-consideration-to-implement-common-salary-package-2066719,0,0,0,0
,,,,,
9,https://www.ndtv.com/india-news/air-india-allows-haj-pilgrims-to-carry-holy-zamzam-water-on-flight-2066561,0,0,0,0
,,,,,
10,https://www.ndtv.com/india-news/10-of-15-legislators-split-from-congress-in-goa-set-to-join-bjp-reports-2067506,13,85,86,0
,,,,,
10,https://www.ndtv.com/india-news/deve-gowda-blasts-bjp-over-karnataka-crisis-worse-than-emergency-2067514,26,158,147,0
,,,,,
10,https://www.ndtv.com/india-news/rebel-karnataka-lawmakers-seek-police-protection-as-chief-minister-hd-kumaraswamy-in-mumbai-today-2066992,14,79,52,0
,,,,,
10,https://www.ndtv.com/entertainment/no-apology-kangana-ranaut-will-be-boycotted-journalists-tell-ekta-kapoor-2067030,14,346,173,0
,,,,,
10,https://www.ndtv.com/india-news/rahul-gandhi-returns-to-amethi-says-coming-here-is-like-coming-home-2067357,10,9,8,0
,,,,,
10,https://www.ndtv.com/india-news/karnataka-political-crisis-bjp-lawmaker-rajeev-chandrasekhar-sneers-at-karnataka-allegation-would-yo-2067255,14,79,45,0
,,,,,
10,https://www.ndtv.com/india-news/watch-guns-as-props-as-suspended-uttarakhand-bjp-lawmaker-kunwar-pranav-singh-champion-dances-at-par-2067186,5,218,42,0
,,,,,
10,https://www.ndtv.com/india-news/spicejet-technician-dies-in-freak-accident-at-kolkata-airport-during-maintenance-work-in-plane-say-o-2067022,5,27,1,0
,,,,,
10,https://www.ndtv.com/india-news/cbi-officer-probing-rakesh-asthana-removed-sent-back-to-state-cadre-2067487,6,10,6,0
,,,,,
10,https://www.ndtv.com/entertainment/new-look-ram-kapoor-shares-before-after-pics-after-massive-weight-loss-2067117,9,86,108,0
,,,,,
10,https://www.ndtv.com/entertainment/after-8-years-in-bangladesh-chunky-panday-returned-to-bollywood-people-had-forgotten-me-2067168,6,80,22,0
,,,,,
10,https://www.ndtv.com/india-news/2-more-congress-legislators-submit-resignation-to-karnataka-speaker-2067387,5,0,0,0
,,,,,
10,https://www.ndtv.com/india-news/nirav-modi-case-no-means-to-verify-nirav-modis-travel-plans-centre-tells-lok-sabha-2067540,1,0,0,0
,,,,,
10,https://www.ndtv.com/patna-news/cop-allegedly-shot-dead-by-men-on-bike-outside-court-in-patna-2067555,1,5,3,0
,,,,,
10,https://www.ndtv.com/india-news/india-has-conveyed-expectation-to-us-for-non-discriminatory-h-1b-visa-regime-says-foreign-ministry-2067410,1,0,2,0
,,,,,
10,https://www.ndtv.com/india-news/first-images-of-indias-bahubali-rocket-that-will-launch-chandrayaan-2-2067473,4,3,6,0
,,,,,
10,https://www.ndtv.com/chennai-news/worsening-drought-forcing-chennai-doctors-to-buy-water-for-surgeries-2067102,3,5,1,0
,,,,,
10,https://www.ndtv.com/business/investors-lose-rs-2-9-lakh-crore-in-market-value-since-budget-2067436,2,3,4,0
,,,,,
10,https://www.ndtv.com/offbeat/kevin-pietersens-hilarious-dola-re-dola-meme-is-a-viral-hit-2067040,0,0,0,0
,,,,,
10,https://www.ndtv.com/india-news/health-ministry-forms-committee-to-consider-central-law-for-doctors-security-2067404,0,0,0,0
,,,,,
11,https://www.ndtv.com/karnataka-news/karnataka-speaker-amid-rebel-lawmaker-row-let-me-die-in-peace-2068155,11,251,235,0
,,,,,
11,https://www.ndtv.com/india-news/karnataka-crisis-mamata-banerjee-hits-out-at-bjp-over-karnataka-crisis-asks-why-bjp-is-so-greedy-2067572,10,218,64,0
,,,,,
11,https://www.ndtv.com/india-news/jyotiraditya-scindia-on-new-congress-chief-says-7-weeks-have-passed-since-rahul-gandhis-resignation-2068189,11,69,50,0
,,,,,
11,https://www.ndtv.com/india-news/congress-national-media-coordinator-rachit-seth-resigns-no-point-blaming-bjp-fault-within-2067863,10,39,12,0
,,,,,
11,https://www.ndtv.com/india-news/senior-lawyers-indira-jaising-and-anand-grovers-home-office-raided-by-cbi-over-alleged-violation-in-2067649,13,303,152,0
,,,,,
11,https://www.ndtv.com/india-news/over-20-members-of-parliament-write-to-pm-narendra-modi-against-indira-jaising-raid-2068119,48,786,688,0
,,,,,
11,https://www.ndtv.com/kolkata-news/kolkata-actor-swastika-dutta-says-pulled-out-of-uber-cab-threatened-driver-arrested-2067610,7,69,14,0
,,,,,
11,https://www.ndtv.com/india-news/coal-billionaire-gautam-adani-woos-amazon-and-google-with-indian-data-hubs-2068171,5,15,15,0
,,,,,
11,https://www.ndtv.com/opinion/super-rich-tax-a-bad-move-now-being-made-worse-2067791,8,111,108,0
,,,,,
11,https://www.ndtv.com/india-news/rahul-gandhi-in-amethi-says-oppositions-work-is-most-enjoyable-easy-2067673,6,45,10,0
,,,,,
11,https://www.ndtv.com/india-news/sonia-gandhi-non-committal-on-stepping-in-as-interim-congress-chief-2067943,9,48,37,0
,,,,,
11,https://www.ndtv.com/entertainment/kangana-ranaut-refuses-to-apologise-to-deshdrohi-bikau-media-in-video-message-2067653,5,55,57,0
,,,,,
11,https://www.ndtv.com/entertainment/super-30-celeb-review-hrithik-roshan-is-beyond-outstanding-as-anand-kumar-2068124,1,4,3,0
,,,,,
11,https://www.ndtv.com/india-news/parliament-live-updates-congress-leaders-protest-over-karnataka-crisis-2067727,1,0,0,0
,,,,,
11,https://www.ndtv.com/world-news/guatemalan-migrant-yazmin-juarez-whose-daughter-died-slams-cruelty-of-us-detention-2067599,4,32,28,0
,,,,,
11,https://www.ndtv.com/world-news/missing-man-in-texas-was-eaten-by-his-only-companions-his-18-dogs-2067605,4,62,15,0
,,,,,
11,https://www.ndtv.com/india-news/impressive-baijayant-jay-panda-tweets-to-bjps-youngest-lawmaker-tejasvi-surya-his-reply-2067830,2,47,13,0
,,,,,
11,https://www.ndtv.com/india-news/father-of-8-year-old-raped-in-kathua-asks-for-death-penalty-for-accused-2067575,2,2,0,0
,,,,,
11,https://www.ndtv.com/india-news/governments-14000-crore-rupee-plan-to-curb-road-accidents-across-india-2067833,0,0,0,0
,,,,,
11,https://www.ndtv.com/world-news/man-survives-188-foot-plunge-over-niagara-falls-found-sitting-on-rock-below-2067579,0,0,0,0
12,https://www.ndtv.com/india-news/karnataka-crisis-chief-minister-hd-kumaraswamy-seeks-trust-vote-asks-speaker-to-fix-time-reports-new-2068423,11,121,55,0
,,,,,
12,https://www.ndtv.com/india-news/jharkhand-mob-killing-police-negligence-doctors-lapses-killed-tabrez-ansari-says-inquiry-2068346,11,53,18,0
,,,,,
12,https://www.ndtv.com/entertainment/super-30-movie-review-bronzing-hrithik-roshan-up-to-play-anand-kumar-is-a-formula-that-equals-zero-2-2068243,61,458,85,0
,,,,,
12,https://www.ndtv.com/telangana-news/telangana-93-5-lakhs-400-gram-gold-recovered-from-telangana-revenue-officers-home-2068199,59,654,408,0
,,,,,
12,https://www.ndtv.com/andhra-pradesh-news/jaganmohan-reddy-chandrababu-naidu-face-off-during-andhra-pradesh-budget-2068758,15,108,86,0
,,,,,
12,https://www.ndtv.com/india-news/kenyan-lawmaker-richard-nyagaka-tongi-returns-to-india-after-22-years-to-repay-rs-200-debt-2068221,15,198,123,0
,,,,,
12,https://www.ndtv.com/offbeat/ghastly-pics-show-huge-python-swallowing-crocodile-whole-2068363,5,32,22,0
,,,,,
12,https://www.ndtv.com/karnataka-news/bjp-uses-money-power-intimidation-to-topple-governments-rahul-gandhi-2068687,6,43,41,0
,,,,,
12,https://www.ndtv.com/world-news/watch-us-coast-guards-leap-onto-narco-sub-seize-cocaine-worth-232-million-dollars-2068234,8,334,115,0
,,,,,
12,https://www.ndtv.com/karnataka-news/siddaramaiah-says-black-sheep-in-bjp-confident-of-winning-trust-vote-2068682,5,40,35,0
,,,,,
12,https://www.ndtv.com/tamil-nadu-news/nagapattinam-tamil-nadu-man-attacked-allegedly-after-he-posted-photo-having-beef-soup-2068631,9,87,39,0
,,,,,
12,https://www.ndtv.com/india-news/posters-with-amartya-sens-remarks-on-jai-shri-ram-slogan-in-kolkata-2068527,5,31,22,0
,,,,,
12,https://www.ndtv.com/world-news/iran-asks-britain-to-release-its-seized-supertanker-report-2068345,1,0,0,0
,,,,,
12,https://www.ndtv.com/india-news/bjp-buying-lawmakers-with-notes-ban-cash-alleges-digvijaya-singh-2068625,1,1,0,0
,,,,,
12,https://www.ndtv.com/world-news/the-longest-toilet-break-belgian-man-sits-for-5-days-in-bid-for-record-2068730,1,5,3,0
,,,,,
12,https://www.ndtv.com/india-news/pm-modi-to-meet-bjps-women-lawmakers-over-breakfast-today-2068224,1,0,0,0
,,,,,
12,https://www.ndtv.com/world-news/xi-jinping-urged-us-president-donald-trump-to-ease-north-korea-sanctions-says-china-2068495,1,0,0,0
,,,,,
12,https://www.ndtv.com/world-news/clip-shows-donald-trump-kissing-ex-staffer-alva-johnson-his-lawyers-claim-video-clears-him-2068694,4,52,66,0
,,,,,
12,https://www.ndtv.com/cities/bharatpur-rajasthan-rajasthan-man-arrested-for-running-over-people-doing-yoga-near-road-says-police-2068752,0,0,0,0
,,,,,
12,https://sports.ndtv.com/cricket/india-failed-to-deliver-as-a-team-says-rohit-sharma-after-world-cup-ouster-2068384,0,0,0,0
13,https://www.ndtv.com/chennai-news/why-water-trains-to-chennai-may-not-quench-parched-citys-thirst-2068808,11,26,6,0
,,,,,
13,https://www.ndtv.com/karnataka-news/resignations-on-hold-5-more-karnataka-rebel-lawmakers-approach-supreme-court-2068929,12,100,99,0
,,,,,
13,https://www.ndtv.com/india-news/watch-broom-in-hand-hema-malini-joins-cleanliness-drive-at-parliament-2068887,41,74,16,0
,,,,,
13,https://www.ndtv.com/india-news/omar-abdullah-trolls-hema-malini-again-says-practice-before-next-photo-op-2069040,37,789,742,0
,,,,,
13,https://www.ndtv.com/india-news/adi-godrej-rising-intolerance-hate-crimes-can-seriously-damage-growth-2068996,33,758,702,0
,,,,,
13,https://www.ndtv.com/world-news/half-a-million-people-signed-up-to-storm-area-51-what-if-they-show-up-2068928,61,45,19,0
,,,,,
13,https://www.ndtv.com/india-news/chandrayaan-2-to-head-near-moons-south-pole-where-others-have-not-gone-2068799,6,18,14,0
,,,,,
13,https://www.ndtv.com/india-news/bjp-leader-rajesh-mishras-daughter-husband-threatened-over-marriage-2068772,9,330,259,0
,,,,,
13,https://www.ndtv.com/india-news/cops-on-assault-of-unnao-madrasa-students-suspects-werent-at-the-spot-2069043,5,7,1,0
,,,,,
13,https://www.ndtv.com/kerala-news/12-year-old-girl-runs-free-library-in-keralas-kochi-with-over-2-500-books-2069038,7,18,0,0
,,,,,
13,https://www.ndtv.com/delhi-news/arvind-kejriwal-on-delhi-metro-phase-4-says-the-project-should-be-finished-soon-2068952,5,4,4,0
,,,,,
13,https://www.ndtv.com/science/its-here-elon-musks-startup-to-reveal-how-to-link-brain-with-computers-2068840,5,3,0,0
,,,,,
13,https://www.ndtv.com/world-news/ukraine-wants-chernobyl-to-be-tourist-site-experts-dont-agree-2068796,1,3,0,0
,,,,,
13,https://www.ndtv.com/india-news/police-case-filed-against-10-in-assam-over-poem-on-national-register-of-citizens-2068805,4,1,0,0
,,,,,
13,https://www.ndtv.com/entertainment/pooja-batra-shares-pic-with-nawab-shah-amidst-secret-wedding-rumour-2068908,2,1,0,0
,,,,,
13,https://www.ndtv.com/india-news/woman-strangles-daughter-to-death-in-up-police-2069052,1,0,3,0
,,,,,
13,https://www.ndtv.com/business/irctc-indian-railways-ticket-booking-rules-timings-charges-cancellation-rules-tatkal-rules-2068990,4,18,1,0
,,,,,
13,https://www.ndtv.com/india-news/chandrayaan-2-launch-date-time-know-all-about-india-moon-mission-2068876,1,0,0,0
,,,,,
13,https://sports.ndtv.com/tennis/wimbledon-2019-final-live-tennis-score-serena-williams-vs-simona-halep-match-updates-2068986,0,0,0,0
,,,,,
13,https://sports.ndtv.com/tennis/simona-halep-thwarts-serena-williams-history-bid-with-wimbledon-final-triumph-2069077,0,0,0,0
,,,,,
14,https://www.ndtv.com/entertainment/heres-why-akshay-kumars-son-aarav-hates-cricket-2069393,13,131,56,0
,,,,,
14,https://www.ndtv.com/karnataka-news/congress-rebel-lawmaker-mtb-nagaraj-who-raised-hopes-for-karnataka-coalition-lands-in-mumbai-2069265,23,58,16,0
,,,,,
14,https://www.ndtv.com/india-news/all-eyes-on-india-as-clock-ticks-down-on-chandrayaan-2-launch-10-points-2069400,16,25,3,0
,,,,,
14,https://www.ndtv.com/india-news/rohi-shekhar-tiwari-murder-in-jail-over-murder-of-rohit-shekhar-apoorva-shukla-tiwari-learns-tarot-c-2069457,50,251,225,0
,,,,,
14,https://www.ndtv.com/india-news/azam-khan-may-be-named-as-land-mafia-on-up-government-website-official-2069213,12,69,25,0
,,,,,
14,https://www.ndtv.com/delhi-news/it-professional-killed-in-delhi-after-allegedly-being-honey-trapped-2069434,12,102,3,0
,,,,,
14,https://www.ndtv.com/india-news/nirmala-sitharaman-combination-locks-analogy-targets-delhi-government-2069491,8,20,5,0
,,,,,
14,https://www.ndtv.com/india-news/karnataka-coalition-crisis-if-he-is-honest-yeddyurappa-says-hd-kumaraswamy-must-resign-2069395,8,77,57,0
,,,,,
14,https://www.ndtv.com/india-news/pilgrims-safety-infrastructure-to-top-india-pakistan-kartarpur-corridor-talks-today-2069165,5,3,1,0
,,,,,
14,https://www.ndtv.com/india-news/china-says-india-shouldnt-interfere-in-choice-of-dalai-lamas-successor-2069475,5,0,0,0
,,,,,
14,https://www.ndtv.com/india-news/bjp-ally-gfp-goa-forward-party-withdraws-support-to-pramod-sawant-government-2069470,8,113,22,0
,,,,,
14,https://www.ndtv.com/india-news/rajasthan-cops-charged-for-alleged-gangrape-of-woman-whose-relative-died-in-custody-2069377,6,13,11,0
,,,,,
14,https://www.ndtv.com/jobs/upsc-prelims-results-102-from-jamia-millia-civil-services-academy-clear-2069388,2,0,0,0
,,,,,
14,https://www.ndtv.com/delhi-news/16-year-old-missing-boy-found-dead-in-delhis-moti-nagar-2069487,1,0,1,0
,,,,,
14,https://www.ndtv.com/delhi-news/services-disrupted-on-delhi-metros-magenta-line-2069204,1,1,0,0
,,,,,
14,https://www.ndtv.com/india-news/kathua-rape-case-trial-of-juvenile-in-kathua-rape-case-from-monday-2069495,1,0,0,0
,,,,,
14,https://www.ndtv.com/entertainment/salman-khan-shares-inspirational-post-about-life-long-live-morals-principles-and-ethics-2069221,2,0,0,0
,,,,,
14,https://www.ndtv.com/cities/on-video-newly-married-couple-cross-flooded-road-using-makeshift-boat-in-bihar-2069303,2,8,3,0
,,,,,
14,https://www.ndtv.com/world-news/43-dead-24-missing-in-nepal-floods-2069217,0,0,0,0
,,,,,
14,https://www.ndtv.com/world-news/choir-broadway-casts-perform-on-new-york-street-during-blackout-2069188,0,0,0,0
16,https://www.ndtv.com/india-news/former-lok-sabha-speaker-sumitra-mahajan-disapproves-of-bjp-mla-akash-vijayvargiyas-assault-on-civic-2070104,10,83,8,0
,,,,,
16,https://www.ndtv.com/offbeat/viral-this-math-equation-has-twitter-confused-can-you-make-sense-of-it-2070223,26,25,38,0
,,,,,
16,https://www.ndtv.com/india-news/dharmendra-trolls-wife-hema-malinis-sweeping-at-parliament-wins-over-twitter-2070620,48,784,563,0
,,,,,
16,https://www.ndtv.com/world-news/pakistan-opens-airspace-indian-flights-to-operate-soon-2070128,24,331,319,0
,,,,,
16,https://www.ndtv.com/indians-abroad/indian-origin-man-avtar-grewal-drowns-wife-in-bathtub-for-seeking-divorce-convicted-2070520,12,22,53,0
,,,,,
16,https://www.ndtv.com/world-news/republican-leaders-to-donald-trump-unacceptable-to-tell-citizens-to-go-back-2070135,33,99,45,0
,,,,,
16,https://www.ndtv.com/india-news/bar-association-of-india-condemns-cbi-raids-on-indira-jaising-anand-grover-2070116,5,5,0,0
,,,,,
16,https://www.ndtv.com/world-news/its-me-who-put-them-into-trouble-says-south-africas-jacob-zuma-on-gupta-family-deals-2070235,9,43,72,0
,,,,,
16,https://www.ndtv.com/entertainment/neena-gupta-and-anupam-kher-add-colour-and-jokes-to-london-2070454,5,6,8,0
,,,,,
16,https://www.ndtv.com/mumbai-news/mumbai-mayor-vishwanath-mahadeshwars-vehicle-fined-after-it-was-found-in-no-parking-zone-2070103,5,3,1,0
,,,,,
16,https://www.ndtv.com/world-news/nepal-floods-death-toll-reaches-67-rainfall-to-continue-officials-2070330,5,2,2,0
,,,,,
16,https://www.ndtv.com/delhi-news/delhi-government-built-23-flyovers-in-4-5-years-says-arvind-kejriwal-2070372,5,0,12,0
,,,,,
16,https://www.ndtv.com/world-news/man-arrested-in-spain-with-cocaine-worth-34-000-under-his-wig-2070547,1,1,0,0
,,,,,
16,https://www.ndtv.com/world-news/twitter-says-us-president-donald-trumps-tweet-didnt-violate-rules-against-racism-but-wont-say-why-2070136,1,0,0,0
,,,,,
16,https://www.ndtv.com/bhopal-news/woman-son-arrested-for-killing-3-year-old-burning-body-in-bhopal-2070683,1,1,0,0
,,,,,
16,https://www.ndtv.com/india-news/live-updates-supreme-court-to-hear-plea-of-rebel-karnataka-lawmakers-2070141,3,5,0,0
,,,,,
16,https://www.ndtv.com/india-news/world-court-to-deliver-verdict-in-kulbhushan-jadhav-case-tomorrow-2070654,1,0,0,0
,,,,,
16,https://www.ndtv.com/india-news/1-air-india-2-spicejet-pilots-suspended-for-violating-safety-rules-report-2070612,1,0,0,0
,,,,,
16,https://www.ndtv.com/entertainment/priya-prakash-varrier-wants-to-do-more-hindi-films-after-sridevi-bungalow-2070615,0,0,0,0
,,,,,
16,https://www.ndtv.com/business/tamil/sensex-today-nifty-50-market-news-16-7-19-sensex-nifty-give-up-initial-gains-in-early-trade-2070216,0,0,0,0
,,,,,
18,https://www.ndtv.com/india-news/karnataka-trust-vote-row-bjp-lawmakers-sleep-over-at-karnataka-assembly-to-protest-bias-2071830,23,541,316,0
,,,,,
18,https://www.ndtv.com/india-news/no-karnataka-trust-vote-today-assembly-sleepover-for-bjp-lawmakers-2071715,125,1879,1758,0
,,,,,
18,https://www.ndtv.com/offbeat/video-driver-hits-accelerator-instead-of-brakes-plunges-into-river-2071467,45,354,321,0
,,,,,
18,https://www.ndtv.com/india-news/maharashtra-bjp-chief-chandrakant-patil-says-lot-of-congress-ncp-resignations-soon-2071611,12,34,0,0
,,,,,
18,https://www.ndtv.com/karnataka-news/tense-math-for-karnataka-coalition-today-ahead-of-trust-vote-10-facts-2071312,92,258,126,0
,,,,,
18,https://www.ndtv.com/offbeat/viral-video-of-passenger-using-feet-on-in-flight-screen-horrifies-twitter-2071392,21,376,365,0
,,,,,
18,https://www.ndtv.com/india-news/thoughts-with-kulbhushan-jadhav-alone-in-pak-prison-tweets-rahul-gandhi-2071333,5,6,10,0
,,,,,
18,https://www.ndtv.com/entertainment/war-hrithik-roshan-tiger-shroffs-car-scene-required-a-trip-to-the-arctic-circle-2071370,9,33,4,0
,,,,,
18,https://www.ndtv.com/india-news/madhya-pradesh-congress-wants-bjp-leader-akash-vijayvargiya-to-apologise-to-civic-official-he-assaul-2071760,5,0,0,0
,,,,,
18,https://www.ndtv.com/india-news/india-calls-for-end-to-pro-khalistan-activities-in-pakistan-gurdwaras-2071773,5,0,5,0
,,,,,
18,https://www.ndtv.com/entertainment/malaika-arora-in-salman-khans-dabangg-3-everyone-has-moved-on-she-says-2071474,7,155,141,0
,,,,,
18,https://www.ndtv.com/india-news/ayodhya-case-mediation-to-continue-till-july-31-says-supreme-court-next-hearing-on-august-2-2071380,8,8,2,0
,,,,,
18,https://www.ndtv.com/entertainment/smriti-irani-nailed-grey-hair-and-wrinkles-much-before-faceapp-kyunki-ekta-kapoor-2071520,1,0,0,0
,,,,,
18,https://www.ndtv.com/tamil-nadu-news/45-schools-without-any-student-wont-close-says-tamil-nadu-government-2071505,2,0,0,0
,,,,,
18,https://www.ndtv.com/business/opinion-governments-plan-to-change-bankruptcy-law-bold-and-necessary-2071371,2,0,0,0
,,,,,
18,https://www.ndtv.com/jaipur-news/jaipur-jda-circle-accident-speeding-car-rams-into-vehicles-at-jaipur-traffic-signal-2-brothers-dead-2071270,1,8,2,0
,,,,,
18,https://www.ndtv.com/mumbai-news/mumbai-police-arrests-dawood-ibrahims-nephew-rizwan-kaskar-in-extortion-case-2071491,2,8,2,0
,,,,,
18,https://www.ndtv.com/tamil-nadu-news/coimbatore-traffic-police-gets-ultra-modern-cameras-to-curb-violations-2071321,1,0,0,0
,,,,,
18,https://www.ndtv.com/india-news/tiktok-helo-face-ban-over-alleged-anti-national-activities-report-2071515,0,0,0,0
,,,,,
18,https://www.ndtv.com/business/netflix-to-roll-out-cheaper-mobile-only-plan-for-india-2071476,0,0,0,0
,,,,,
19,https://www.ndtv.com/india-news/congress-leader-priyanka-gandhi-sits-in-the-dark-as-power-cut-hits-mirzapur-guest-house-2072345,12,17,11,0
,,,,,
19,https://www.ndtv.com/karnataka-news/clarify-order-on-rebel-lawmakers-karnataka-congress-moves-supreme-court-2072215,15,694,673,0
,,,,,
19,https://www.ndtv.com/karnataka-news/karnataka-crisis-congress-orders-dinner-for-bjp-friends-on-karnataka-protest-sleepover-2071988,36,459,321,0
,,,,,
19,https://www.ndtv.com/india-news/former-minister-satya-pal-singh-disses-darwins-theory-says-we-are-children-of-rishis-2072288,55,515,448,0
,,,,,
19,https://www.ndtv.com/india-news/robert-vadra-on-priyanka-gandhis-arrest-says-let-democracy-be-democracy-2072312,17,54,43,0
,,,,,
19,https://www.ndtv.com/india-news/maharashtra-man-allegedly-forced-to-chant-jai-shri-ram-beaten-up-police-2072365,23,189,108,0
,,,,,
19,https://www.ndtv.com/india-news/babri-masjid-demolition-case-lk-advani-mm-joshi-uma-bharti-supreme-court-wants-verdict-in-9-months-2072075,5,3,4,0
,,,,,
19,https://www.ndtv.com/world-news/ahead-of-imran-khans-visit-us-says-aid-to-pakistan-will-remain-suspended-2071900,9,58,65,0
,,,,,
19,https://www.ndtv.com/entertainment/inside-rishi-kapoor-and-neetu-kapoors-beautiful-evening-with-anupam-kher-2072341,5,133,139,0
,,,,,
19,https://www.ndtv.com/delhi-news/delhi-speaker-ram-niwas-goel-sends-notice-to-shiromani-akali-dal-legislator-manjinder-sirsa-2071882,7,226,150,0
,,,,,
19,https://www.ndtv.com/entertainment/shweta-bachchan-and-daughter-navya-naveli-are-behaving-like-unaccompanied-minors-on-japan-vacay-lol-2071927,9,114,53,0
,,,,,
19,https://www.ndtv.com/india-news/notice-to-trinamool-congress-sharad-pawars-party-over-national-party-status-2071855,7,32,20,0
,,,,,
19,https://www.ndtv.com/india-news/assam-flood-people-in-assams-river-islands-miss-nrc-hearings-due-to-floods-2071832,3,42,42,0
,,,,,
19,https://www.ndtv.com/business/aadhaar-card-update-how-to-change-address-in-your-aadhaar-card-online-via-uidai-gov-in-steps-guide-2071940,4,9,5,0
,,,,,
19,https://www.ndtv.com/india-news/priyanka-gandhi-vadra-to-visit-uttar-pradesh-to-meet-families-of-sonbhadra-shootout-2071954,3,3,0,0
,,,,,
19,https://www.ndtv.com/business/reliance-industries-earnings-ril-share-price-reliance-industries-reports-earnings-for-june-quarter-2072217,1,10,10,0
,,,,,
19,https://www.ndtv.com/jobs/sbi-clerk-result-2019-sbi-prelims-result-sbi-co-in-careers-2072191,2,1,0,0
,,,,,
19,https://www.ndtv.com/cities/case-against-mayur-patil-shiv-sena-leader-for-cutting-birthday-cake-with-sword-2071854,1,0,0,0
,,,,,
19,https://www.ndtv.com/business/sensex-today-stock-market-live-updates-july-19-sensex-nifty-give-up-early-gains-indigo-ril-in-focus-2071919,0,0,0,0
,,,,,
19,https://www.ndtv.com/world-news/suspected-arsonist-planned-japans-worst-mass-killing-in-18-years-media-2071953,0,0,0,0
,,,,,
20,https://www.ndtv.com/india-news/sheila-dikshit-dies-at-81-deeply-saddended-by-the-demise-of-sheila-dikshit-pm-modi-2072636,11,200,196,0
,,,,,
20,https://www.ndtv.com/business/aadhaar-card-update-on-uidai-gov-in-how-to-change-mobile-number-address-e-mail-id-other-details-onli-2072571,12,190,166,0
,,,,,
20,https://www.ndtv.com/india-news/sheila-dikshit-three-time-delhi-chief-minister-dies-at-81-2072618,46,1052,991,0
,,,,,
20,https://www.ndtv.com/education/ngo-demands-cancellation-of-aiims-mbbs-counselling-alleges-top-court-order-violation-2072654,13,68,27,0
,,,,,
20,https://www.ndtv.com/india-news/priyanka-gandhi-spends-night-at-mirzapur-guest-house-in-up-says-wont-leave-without-meeting-affected-2072427,94,887,759,0
,,,,,
20,https://www.ndtv.com/india-news/punjab-chief-minister-amarinder-singh-accepts-navjot-singh-sidhus-resignation-2072501,16,115,114,0
,,,,,
20,https://www.ndtv.com/india-news/newborn-girl-thrown-into-drain-by-woman-pulled-out-by-dogs-in-haryana-2072559,7,80,42,0
,,,,,
20,https://www.ndtv.com/india-news/on-priyanka-gandhis-up-visit-robert-vadra-tells-her-do-what-is-right-for-nation-2072584,9,19,10,0
,,,,,
20,https://www.ndtv.com/world-news/hafiz-saeed-arrest-hafiz-saeed-arrest-is-window-dressing-made-no-difference-before-us-2072417,9,29,10,0
,,,,,
20,https://www.ndtv.com/india-news/we-are-not-a-suitcase-carrying-government-nirmala-sitharamam-2072525,5,11,0,0
,,,,,
20,https://www.ndtv.com/india-news/indians-among-23-crew-members-aboard-british-tanker-seized-by-iran-2072418,8,8,4,0
,,,,,
20,https://www.ndtv.com/india-news/12-more-dead-in-assam-floods-1-3-lakh-still-in-relief-camps-2072733,7,95,82,0
,,,,,
20,https://www.ndtv.com/ghaziabad-news/ghaziabad-12-year-old-boy-dies-after-falling-into-drain-2072719,1,1,0,0
,,,,,
20,https://www.ndtv.com/india-news/delhi-chief-minister-arvind-kejriwal-though-my-rival-sheila-dikshit-was-warm-affectionate-2072729,4,4,1,0
,,,,,
20,https://www.ndtv.com/india-news/sheila-dikshit-dies-news-three-time-delhi-chief-minister-a-beloved-daughter-of-congress-rahul-gandhi-2072642,2,17,17,0
,,,,,
20,https://www.ndtv.com/cities/man-allegedly-arrested-for-duping-neighbours-of-crores-in-rajasthan-2072721,1,0,2,0
,,,,,
20,https://www.ndtv.com/world-news/after-iran-seizes-oil-tanker-uk-warns-ships-to-avoid-hormuz-strait-2072554,2,0,0,0
,,,,,
20,https://www.ndtv.com/gurgaon-news/sheetla-colony-gurgaon-gurugram-2-arrested-for-allegedly-sexually-assaulting-african-woman-2072391,2,1,4,0
,,,,,
20,https://sports.ndtv.com/cricket/limited-drs-another-classic-case-of-eyewash-bcci-2072659,0,0,0,0
,,,,,
20,https://sports.ndtv.com/football/lucas-moura-respects-mauricio-pochettino-despite-champions-league-final-snub-2072720,0,0,0,0
,,,,,
21,https://www.ndtv.com/world-news/heat-wave-bakes-central-eastern-us-cooling-centres-set-up-for-residents-2072790,11,194,101,0
,,,,,
21,https://www.ndtv.com/india-news/satya-pal-malik-jammu-and-kashmir-governor-to-terrorists-kill-those-who-have-looted-kashmir-2073013,121,1968,1896,0
,,,,,
21,https://www.ndtv.com/delhi-news/us-citizen-arrested-for-entering-delhi-airport-using-fake-ticket-2073002,11,51,26,0
,,,,,
21,https://www.ndtv.com/india-news/lightning-strikes-kill-18-in-six-districts-in-uttar-pradesh-2073028,20,478,329,0
,,,,,
21,https://www.ndtv.com/india-news/ahead-of-chandrayaan-take-2-isros-track-record-inspires-confidence-2072770,20,152,118,0
,,,,,
21,https://www.ndtv.com/india-news/ahead-of-trinamools-mega-rally-babul-supriyos-sarcastic-tweet-2072831,17,257,228,0
,,,,,
21,https://www.ndtv.com/world-news/uk-says-looking-at-options-to-respond-to-iran-after-tanker-seized-2072901,6,33,59,0
,,,,,
21,https://www.ndtv.com/india-news/partha-chatterjee-west-bengal-education-minister-primary-teachers-pay-demand-beyond-capacity-2072751,7,14,2,0
,,,,,
21,https://www.ndtv.com/entertainment/arjun-rampal-and-girlfriend-gabriella-demetriades-head-back-home-with-their-baby-2072850,7,180,120,0
,,,,,
21,https://www.ndtv.com/india-news/modi-government-changed-india-brought-achhe-din-jp-nadda-2072928,5,14,0,0
,,,,,
21,https://www.ndtv.com/world-news/twitter-suspends-accounts-of-mehr-agency-young-journalists-club-ycj-in-iran-2072762,5,0,0,0
,,,,,
21,https://www.ndtv.com/india-news/lok-sabha-member-and-ram-vilas-paswans-brother-ramchandra-paswan-dies-2072945,8,35,10,0
,,,,,
21,https://www.ndtv.com/ghaziabad-news/ghaziabad-class-10-student-drowns-after-falling-in-open-drain-in-ghaziabad-2072749,1,1,0,0
,,,,,
21,https://www.ndtv.com/business/indigo-news-indigo-launches-new-domestic-flights-check-routes-timings-fares-schedule-here-2072868,4,0,0,0
,,,,,
21,https://www.ndtv.com/india-news/centre-asks-top-court-collegium-to-rethink-pick-to-head-andhra-high-court-2072996,4,2,0,0
,,,,,
21,https://www.ndtv.com/education/rajasthan-this-government-school-teaches-sanskrit-shlokas-and-quranic-verses-to-muslim-students-2072964,2,24,22,0
,,,,,
21,https://www.ndtv.com/india-news/tribal-woman-crushed-to-death-after-she-refused-to-give-up-land-in-madhya-pradesh-2073030,1,0,0,0
,,,,,
21,https://www.ndtv.com/india-news/prashant-kishor-skips-trinamools-martyrs-day-rally-2073032,1,0,0,0
,,,,,
21,https://sports.ndtv.com/kabaddi/pkl-7-gujarat-fortune-giants-thrash-bengaluru-bulls-tamil-thalaivas-outclass-telugu-titans-2073031,0,0,0,0
,,,,,
21,https://sports.ndtv.com/boxing/brilliant-manny-pacquiao-downs-keith-thurman-to-capture-wba-crown-2072864,0,0,0,0
,,,,,
22,https://www.ndtv.com/india-news/karnataka-crisis-live-updates-jds-congress-coalition-may-face-floor-test-today-2073093,13,85,56,0
,,,,,
22,https://www.ndtv.com/india-news/donald-trump-offers-to-mediate-on-kashmir-between-india-and-pakistan-during-meeting-with-imran-khan-2073580,160,5412,5214,0
,,,,,
22,https://www.ndtv.com/india-news/chandrayaan-2-launch-20-hour-countdown-for-chandrayaan-2s-launch-begins-tweets-isro-2073051,27,179,145,0
,,,,,
22,https://www.ndtv.com/india-news/what-is-rti-amendment-bill-and-why-the-opposition-is-against-it-5-points-2073522,11,14,6,0
,,,,,
22,https://www.ndtv.com/india-news/karnataka-speaker-kr-ramesh-kumar-summons-rebel-lawmakers-at-11-am-tomorrow-after-request-by-ruling-2073164,179,2213,2207,0
,,,,,
22,https://www.ndtv.com/india-news/isro-chandrayaan-2-launch-pm-narendra-modis-shout-out-to-isro-he-watched-from-office-2073416,67,3571,3485,0
,,,,,
22,https://www.ndtv.com/world-news/president-trump-makes-surprise-appearance-at-a-wedding-reception-in-new-jersey-golf-club-2073303,6,42,16,0
,,,,,
22,https://www.ndtv.com/health/monsoon-diet-for-diabetes-jamun-to-lower-blood-sugar-levels-know-other-health-benefits-2073248,8,111,106,0
,,,,,
22,https://www.ndtv.com/india-news/aruna-roy-proposed-changes-in-rti-act-are-regressive-2073549,9,16,2,0
,,,,,
22,https://www.ndtv.com/india-news/karnataka-speaker-gives-legislators-time-till-tomorrow-congress-leader-dk-shivakumar-2073596,8,8,1,0
,,,,,
22,https://www.ndtv.com/india-news/shashi-tharoor-misquotes-mirza-ghalib-poem-javed-akhtar-had-this-to-say-2073266,7,12,3,0
,,,,,
22,https://www.ndtv.com/world-news/uk-warship-tried-to-stop-iran-from-seizing-tanker-leaked-audio-reveals-2073076,9,70,64,0
,,,,,
22,https://www.ndtv.com/india-news/thailand-woman-moves-supreme-court-seeking-safe-return-of-daughter-from-us-2073063,2,1,0,0
,,,,,
22,https://www.ndtv.com/cities/19-year-old-allegedly-molested-by-neighbour-commits-suicide-in-rajasthan-2073048,1,0,0,0
,,,,,
22,https://www.ndtv.com/business/hdfc-bank-news-revised-fd-rates-hdfc-bank-revises-fixed-deposit-interest-rates-2073346,2,0,0,0
,,,,,
22,https://www.ndtv.com/india-news/imf-says-pakistan-needs-to-mobilize-tax-revenue-cut-debt-2073108,1,0,0,0
,,,,,
22,https://www.ndtv.com/entertainment/anupam-kher-shares-a-throwback-pic-with-anil-kapoor-the-best-mirror-is-an-old-friend-2073552,1,13,13,0
,,,,,
22,https://www.ndtv.com/offbeat/shark-jumps-out-of-water-snatches-fish-from-line-in-hair-raising-video-2073280,1,5,2,0
,,,,,
22,https://www.ndtv.com/business/sensex-nifty-to-open-lower-hdfc-bank-kotak-mahindra-bank-reliance-industries-shares-in-focus-2073096,0,0,0,0
,,,,,
22,https://www.ndtv.com/business/reliance-jio-news-reliance-jio-users-reliance-jio-to-focus-on-subscriber-numbers-not-tariffs-2073123,0,0,0,0
,,,,,
,,,,,
,,,,,
,,,,,
,,,,,
,,,,,
,,,,,
,,,,,
,,,,,
,,,,,
,,,,,
,,,,,
,,,,,
22,https://www.ndtv.com/world-news/president-trump-makes-surprise-appearance-at-a-wedding-reception-in-new-jersey-golf-club-2073303,6,42,16,0
,,,,,
22,https://www.ndtv.com/health/monsoon-diet-for-diabetes-jamun-to-lower-blood-sugar-levels-know-other-health-benefits-2073248,8,111,106,0
,,,,,
22,https://www.ndtv.com/india-news/aruna-roy-proposed-changes-in-rti-act-are-regressive-2073549,9,16,2,0
,,,,,
22,https://www.ndtv.com/india-news/karnataka-speaker-gives-legislators-time-till-tomorrow-congress-leader-dk-shivakumar-2073596,8,8,1,0
,,,,,
22,https://www.ndtv.com/india-news/shashi-tharoor-misquotes-mirza-ghalib-poem-javed-akhtar-had-this-to-say-2073266,7,12,3,0
,,,,,
22,https://www.ndtv.com/world-news/uk-warship-tried-to-stop-iran-from-seizing-tanker-leaked-audio-reveals-2073076,9,70,64,0
,,,,,
22,https://www.ndtv.com/india-news/thailand-woman-moves-supreme-court-seeking-safe-return-of-daughter-from-us-2073063,2,1,0,0
,,,,,
22,https://www.ndtv.com/cities/19-year-old-allegedly-molested-by-neighbour-commits-suicide-in-rajasthan-2073048,1,0,0,0
,,,,,
22,https://www.ndtv.com/business/hdfc-bank-news-revised-fd-rates-hdfc-bank-revises-fixed-deposit-interest-rates-2073346,2,0,0,0
,,,,,
22,https://www.ndtv.com/india-news/imf-says-pakistan-needs-to-mobilize-tax-revenue-cut-debt-2073108,1,0,0,0
,,,,,
22,https://www.ndtv.com/entertainment/anupam-kher-shares-a-throwback-pic-with-anil-kapoor-the-best-mirror-is-an-old-friend-2073552,1,13,13,0
,,,,,
22,https://www.ndtv.com/offbeat/shark-jumps-out-of-water-snatches-fish-from-line-in-hair-raising-video-2073280,1,5,2,0
,,,,,
22,https://www.ndtv.com/business/sensex-nifty-to-open-lower-hdfc-bank-kotak-mahindra-bank-reliance-industries-shares-in-focus-2073096,0,0,0,0
,,,,,
22,https://www.ndtv.com/business/reliance-jio-news-reliance-jio-users-reliance-jio-to-focus-on-subscriber-numbers-not-tariffs-2073123,0,0,0,0
23,https://www.ndtv.com/india-news/4-men-raped-class-12-student-filmed-crime-in-up-police-2073624,10,48,33,0
,,,,,
23,https://www.ndtv.com/india-news/when-will-pm-narendra-modi-call-the-bluff-congress-on-donald-trumps-stunning-kashmir-claim-2073713,24,52,68,0
,,,,,
23,https://www.ndtv.com/india-news/chandrayaan-2-congress-bjp-spar-over-moon-mission-2073601,56,3369,3258,0
,,,,,
23,https://www.ndtv.com/india-news/yogi-adityanaths-planned-lord-ram-statue-at-251-metres-worlds-tallest-2073854,95,592,225,0
,,,,,
23,https://www.ndtv.com/india-news/us-backs-india-on-kashmir-lawmaker-apologises-for-trumps-embarrassing-claim-2073646,10,5,4,0
,,,,,
23,https://www.ndtv.com/karnataka-news/waiting-game-in-karnataka-as-speaker-sets-6-pm-deadline-for-trust-vote-2073770,47,253,139,0
,,,,,
23,https://www.ndtv.com/telangana-news/kcr-announces-rs-10-lakh-aid-to-2-000-families-in-native-village-2073609,5,3,1,0
,,,,,
23,https://www.ndtv.com/world-news/kabul-asks-us-to-clarify-donald-trumps-wiping-afghanistan-off-remark-2073916,9,51,21,0
,,,,,
23,https://www.ndtv.com/india-news/dont-use-303-to-give-death-sentence-to-spirit-of-rti-karti-chidambaram-2073621,5,5,3,0
,,,,,
23,https://www.ndtv.com/entertainment/shah-rukh-khan-left-his-heart-in-maldives-see-his-holiday-album-2073653,6,24,36,0
,,,,,
23,https://www.ndtv.com/offbeat/why-anand-mahindra-shared-a-3-year-old-video-of-ms-dhoni-2073772,8,49,51,0
,,,,,
23,https://www.ndtv.com/world-news/cristiano-ronaldo-to-not-face-rape-charges-in-us-2073616,3,9,7,0
,,,,,
23,https://www.ndtv.com/entertainment/pic-when-arjun-rampal-held-his-newborn-sons-hand-for-the-first-time-2073792,2,0,0,0
,,,,,
23,https://www.ndtv.com/business/sensex-today-stock-market-updates-sensex-nifty-open-higher-kotak-bank-shares-dhfl-shares-in-focus-2073635,1,0,0,0
,,,,,
23,https://www.ndtv.com/entertainment/metoo-accused-anu-malik-may-return-to-tv-with-this-show-not-indian-idol-2073701,4,10,7,0
,,,,,
23,https://www.ndtv.com/jobs/ssc-gd-pst-pet-in-august-september-crpf-2073771,3,1,0,0
,,,,,
23,https://www.ndtv.com/entertainment/ajay-devgn-says-singham-still-roars-loud-as-the-film-clocks-8-years-2073836,2,0,0,0
,,,,,
23,https://sports.ndtv.com/cricket/ravichandran-ashwin-gets-reward-for-unique-tnpl-bowling-action-watch-2073801,0,0,0,0
,,,,,
23,https://www.ndtv.com/india-news/government-likely-to-extend-parliament-session-by-10-days-report-2073759,0,0,0,0
24,https://www.ndtv.com/karnataka-news/bs-yeddyurappa-yet-to-stake-claim-says-waiting-for-rss-blessings-2074610,55,436,386,0
,,,,,
24,https://www.ndtv.com/world-news/fear-in-the-pakistani-military-imran-khan-on-afghan-india-alliance-2074367,46,98,65,0
,,,,,
24,https://www.ndtv.com/delhi-news/delhi-should-be-spelt-as-dilli-bjps-vijay-goel-demands-in-parliament-2074816,15,87,59,0
,,,,,
24,https://www.ndtv.com/india-news/priyanka-gandhi-hits-out-at-bjp-on-karnataka-defeat-says-everything-cant-be-brought-2074293,242,453,447,0
,,,,,
24,https://www.ndtv.com/world-news/we-did-not-tell-the-truth-40-terror-groups-were-operating-in-pak-imran-khan-2074292,84,178,98,0
,,,,,
24,https://www.ndtv.com/india-news/home-minister-amit-shah-in-parliament-on-anti-terror-bill-a-government-fights-terrorism-shouldnt-mat-2074561,112,396,152,0
,,,,,
24,https://www.ndtv.com/entertainment/actress-sumona-chakravarti-shares-how-she-quit-smoking-cold-turkey-2-years-ago-2074580,6,27,6,0
,,,,,
24,https://www.ndtv.com/india-news/ministers-bizarre-comments-on-cooking-inside-toilet-at-health-centre-in-madhya-pradesh-2074489,5,2,1,0
,,,,,
24,https://www.ndtv.com/india-news/maharashtra-government-doubles-minimum-wages-for-workers-2074885,7,6,5,0
,,,,,
24,https://www.ndtv.com/education/pranab-mukherjee-education-system-needs-to-be-reoriented-for-students-to-become-innovators-2074841,7,54,57,0
,,,,,
24,https://www.ndtv.com/india-news/home-minister-amit-shah-to-head-panel-on-workplace-sexual-harassment-2074880,6,26,20,0
,,,,,
24,https://www.ndtv.com/india-news/centre-used-brute-majority-to-bulldoze-faulty-rti-bill-derek-obrien-2074383,7,5,5,0
,,,,,
24,https://www.ndtv.com/india-news/process-pakistani-nationals-application-for-indian-citizenship-delhi-high-court-to-centre-2074803,1,0,0,0
,,,,,
24,https://www.ndtv.com/entertainment/rahul-khanna-sums-up-sweat-equity-in-a-pic-too-much-says-instagram-2074399,1,2,0,0
,,,,,
24,https://www.ndtv.com/offbeat/canadian-police-live-streams-press-briefing-with-cat-filter-apologises-2074333,2,16,12,0
,,,,,
24,https://www.ndtv.com/world-news/trains-slowed-down-as-heatwave-set-new-temperature-records-in-europe-2074666,1,0,0,0
,,,,,
24,https://www.ndtv.com/education/education-loan-scheme-arvind-kejriwal-meets-bankers-to-discuss-progress-of-collateral-free-loan-of-u-2074859,1,0,0,0
,,,,,
24,https://www.ndtv.com/delhi-news/delhi-weather-heavy-rain-lashes-delhi-nearby-areas-leading-to-traffic-snarls-2074760,2,0,0,0
,,,,,
24,https://www.ndtv.com/india-news/in-slip-of-tongue-rajnath-singh-calls-foreign-minister-jaishankar-prasad-2074865,0,0,0,0
,,,,,
24,https://www.ndtv.com/cities/bihar-man-loses-national-cadet-corps-certificate-in-floods-seeks-governments-help-2074817,0,0,0,0
,,,,,
25,https://www.ndtv.com/indians-abroad/priti-patel-appointed-uks-first-indian-origin-home-secretary-2074923,25,139,153,0
,,,,,
25,https://www.ndtv.com/offbeat/man-plummets-to-ground-as-bungee-rope-snaps-in-horrifying-video-2075327,12,89,52,0
,,,,,
25,https://www.ndtv.com/india-news/senior-ncp-leader-sachin-ahir-joins-shiv-sena-months-ahead-of-elections-in-maharashtra-2075045,13,18,3,0
,,,,,
25,https://www.ndtv.com/india-news/rti-bill-set-to-clear-rajya-sabha-as-government-secures-numbers-2075151,66,425,449,0
,,,,,
25,https://www.ndtv.com/india-news/triple-talaq-bill-2019-congress-allies-to-oppose-triple-talaq-bill-in-lok-sabha-today-2075051,34,86,25,0
,,,,,
25,https://www.ndtv.com/world-news/donald-trump-vetoes-3-bills-blocking-arms-sales-to-saudi-arabia-2074933,11,36,12,0
,,,,,
25,https://www.ndtv.com/india-news/azam-khan-fines-3-27-crore-for-building-university-gate-on-state-land-2075293,5,4,0,0
,,,,,
25,https://www.ndtv.com/entertainment/shah-rukh-khans-son-aryan-dances-his-way-to-the-top-of-trends-with-mystery-friend-2075098,7,66,23,0
,,,,,
25,https://www.ndtv.com/indians-abroad/priti-patel-rishi-sunak-alok-sharma-attend-first-cabinet-meet-at-10-downing-street-2075251,6,11,7,0
,,,,,
25,https://www.ndtv.com/entertainment/kapil-sharma-confirms-wife-ginni-chatraths-pregnancy-couple-leaves-for-babymoon-2075433,7,143,104,0
,,,,,
25,https://www.ndtv.com/delhi-news/2-delhi-police-cops-suspended-for-unprofessional-behaviour-in-delhis-mukherjee-nagar-incident-2074944,6,7,5,0
,,,,,
25,https://www.ndtv.com/entertainment/taimur-and-inaaya-twinning-on-a-play-date-is-a-jumbo-pack-of-cuteness-2075001,5,32,31,0
,,,,,
25,https://www.ndtv.com/india-news/brinda-karat-demands-action-against-youtube-over-communal-videos-2075344,2,2,1,0
,,,,,
25,https://www.ndtv.com/kerala-news/one-arrested-in-cold-blooded-murder-of-30-year-old-kerala-woman-2075420,3,14,14,0
,,,,,
25,https://www.ndtv.com/offbeat/only-in-australia-kangaroo-bounces-through-city-runs-red-light-2075049,3,78,72,0
,,,,,
25,https://www.ndtv.com/business/tata-motors-share-price-tata-motors-q1-earnings-news-tata-motors-reports-earnings-for-june-quarter-2075213,2,0,1,0
,,,,,
25,https://www.ndtv.com/india-news/ahead-of-maharashtra-elections-pilgrimages-for-aditya-thackeray-devendra-fadnavis-2074905,2,2,0,0
,,,,,
25,https://www.ndtv.com/world-news/on-robert-muellers-last-day-on-us-stage-a-halting-faltering-appearance-2074932,1,3,3,0
,,,,,
25,https://sports.ndtv.com/cricket/tim-murtagh-realises-childhood-dream-as-ireland-stun-england-2074943,0,0,0,0
,,,,,
25,https://www.ndtv.com/india-news/over-2-000-more-pilgrims-leave-for-amarnath-shrine-amid-heavy-rains-2075282,0,0,0,0
,,,,,
25,https://www.ndtv.com/indians-abroad/priti-patel-appointed-uks-first-indian-origin-home-secretary-2074923,25,145,158,0
,,,,,
25,https://www.ndtv.com/offbeat/man-plummets-to-ground-as-bungee-rope-snaps-in-horrifying-video-2075327,12,89,52,0
,,,,,
25,https://www.ndtv.com/india-news/senior-ncp-leader-sachin-ahir-joins-shiv-sena-months-ahead-of-elections-in-maharashtra-2075045,13,19,5,0
,,,,,
25,https://www.ndtv.com/india-news/rti-bill-set-to-clear-rajya-sabha-as-government-secures-numbers-2075151,66,369,426,0
,,,,,
25,https://www.ndtv.com/india-news/triple-talaq-bill-2019-congress-allies-to-oppose-triple-talaq-bill-in-lok-sabha-today-2075051,34,95,68,0
,,,,,
25,https://www.ndtv.com/world-news/donald-trump-vetoes-3-bills-blocking-arms-sales-to-saudi-arabia-2074933,11,36,12,0
,,,,,
25,https://www.ndtv.com/india-news/azam-khan-fines-3-27-crore-for-building-university-gate-on-state-land-2075293,5,4,0,0
,,,,,
25,https://www.ndtv.com/entertainment/shah-rukh-khans-son-aryan-dances-his-way-to-the-top-of-trends-with-mystery-friend-2075098,7,66,23,0
,,,,,
25,https://www.ndtv.com/indians-abroad/priti-patel-rishi-sunak-alok-sharma-attend-first-cabinet-meet-at-10-downing-street-2075251,6,11,7,0
,,,,,
25,https://www.ndtv.com/entertainment/kapil-sharma-confirms-wife-ginni-chatraths-pregnancy-couple-leaves-for-babymoon-2075433,7,143,104,0
,,,,,
25,https://www.ndtv.com/delhi-news/2-delhi-police-cops-suspended-for-unprofessional-behaviour-in-delhis-mukherjee-nagar-incident-2074944,6,7,5,0
,,,,,
25,https://www.ndtv.com/entertainment/taimur-and-inaaya-twinning-on-a-play-date-is-a-jumbo-pack-of-cuteness-2075001,5,32,31,0
,,,,,
25,https://www.ndtv.com/india-news/brinda-karat-demands-action-against-youtube-over-communal-videos-2075344,2,2,1,0
,,,,,
25,https://www.ndtv.com/kerala-news/one-arrested-in-cold-blooded-murder-of-30-year-old-kerala-woman-2075420,3,14,14,0
,,,,,
25,https://www.ndtv.com/offbeat/only-in-australia-kangaroo-bounces-through-city-runs-red-light-2075049,3,78,72,0
,,,,,
25,https://www.ndtv.com/business/tata-motors-share-price-tata-motors-q1-earnings-news-tata-motors-reports-earnings-for-june-quarter-2075213,2,0,1,0
,,,,,
25,https://www.ndtv.com/india-news/ahead-of-maharashtra-elections-pilgrimages-for-aditya-thackeray-devendra-fadnavis-2074905,2,2,0,0
,,,,,
25,https://www.ndtv.com/world-news/on-robert-muellers-last-day-on-us-stage-a-halting-faltering-appearance-2074932,1,3,3,0
,,,,,
25,https://sports.ndtv.com/cricket/tim-murtagh-realises-childhood-dream-as-ireland-stun-england-2074943,0,0,0,0
,,,,,
25,https://www.ndtv.com/india-news/over-2-000-more-pilgrims-leave-for-amarnath-shrine-amid-heavy-rains-2075282,0,0,0,0
,,,,,
26,https://www.ndtv.com/india-news/sushma-swaraj-on-azam-khans-sexist-comment-mental-perversion-2076066,14,173,181,0
,,,,,
26,https://www.ndtv.com/india-news/jharkhand-minister-cp-singh-heckles-muslim-legislator-on-video-say-jai-shri-ram-2075851,203,1785,983,0
,,,,,
26,https://www.ndtv.com/india-news/trivendra-singh-rawat-cows-exhale-oxygen-says-uttarakhand-chief-minister-2075737,50,96,21,0
,,,,,
26,https://www.ndtv.com/india-news/bjps-bs-yeddyurappa-says-will-meet-karnataka-governor-at-10-am-to-stake-claim-will-request-oath-toda-2075595,15,42,5,0
,,,,,
26,https://www.ndtv.com/india-news/prasoon-joshi-kangana-ranaut-59-others-hit-back-after-open-letter-to-pm-2075657,227,1698,1023,0
,,,,,
26,https://www.ndtv.com/karnataka-news/yeddyurappa-turns-yediyurappa-ahead-of-karnataka-swearing-in-ceremony-2075955,10,344,221,0
,,,,,
26,https://www.ndtv.com/entertainment/of-course-hbo-isnt-going-to-remake-the-finale-season-of-game-of-thrones-2075677,5,4,1,0
,,,,,
26,https://www.ndtv.com/india-news/uttar-pradesh-assembly-by-polls-bjp-in-early-bird-special-launches-up-by-poll-preps-2075988,7,13,11,0
,,,,,
26,https://www.ndtv.com/business/reliance-jio-recharge-jio-1-5gb-day-2gb-day-3gb-day-4gb-day-5gb-day-data-packs-internet-details-here-2075950,5,5,0,0
,,,,,
26,https://www.ndtv.com/india-news/kargil-diwas-army-chief-bipin-rawat-warns-pakistan-says-will-get-a-bloodier-nose-next-time-2075690,5,42,39,0
,,,,,
26,https://www.ndtv.com/entertainment/pooja-batras-aqua-yoga-pic-sends-the-internet-into-a-meltdown-2075867,7,59,34,0
,,,,,
26,https://www.ndtv.com/india-news/major-dp-singh-war-hero-runs-with-victory-flame-on-kargil-anniversary-2075984,6,14,0,0
,,,,,
26,https://www.ndtv.com/india-news/china-sent-satellite-data-on-flood-hit-regions-in-india-chinese-envoy-sun-weidong-2075770,3,0,0,0
,,,,,
26,https://www.ndtv.com/india-news/health-minister-harsh-vardhan-10-74-crore-families-benefited-under-ayushman-bharat-2075891,1,0,0,0
,,,,,
26,https://www.ndtv.com/world-news/amazon-ceo-jeff-bezos-meets-girlfriend-lauren-sanchezs-sons-over-dinner-in-new-york-2075927,2,0,0,0
,,,,,
26,https://www.ndtv.com/noida-news/toll-plaza-staff-thrashed-for-denying-free-passage-in-greater-noida-cops-2075553,1,1,0,0
,,,,,
26,https://www.ndtv.com/india-news/modi-2-0s-first-50-days-exemplary-many-steps-taken-for-people-jp-nadda-2075953,2,2,0,0
,,,,,
26,https://www.ndtv.com/business/income-tax-saving-fixed-deposit-fd-account-latest-interest-rates-of-sbi-hdfc-bank-icici-bank-in-july-2075889,1,1,0,0
,,,,,
26,https://www.ndtv.com/business/vedanta-reports-profit-of-rs-1-351-crore-falls-nearly-12-misses-estimates-june-quarter-profit-2075900,0,0,0,0
,,,,,
26,https://www.ndtv.com/india-news/2-more-bodies-found-at-odisha-mine-number-of-deaths-rises-to-3-2076045,0,0,0,0
,,,,,
27,https://www.ndtv.com/india-news/kargil-diwas-wont-come-under-any-pressure-when-it-comes-to-national-security-pm-modi-2076371,45,529,356,0
,,,,,
27,https://www.ndtv.com/world-news/seats-have-shrunk-legroom-has-vanished-and-airlines-arent-done-yet-2076104,26,186,180,0
,,,,,
27,https://www.ndtv.com/world-news/over-200-reindeer-found-dead-in-norway-researchers-blame-climate-change-2076363,37,459,366,0
,,,,,
27,https://www.ndtv.com/india-news/watch-air-force-mi-17-helicopter-flies-over-stranded-mahalaxmi-express-near-mumbai-2076240,15,18,6,0
,,,,,
27,https://www.ndtv.com/india-news/up-police-swat-team-flaunts-guns-on-self-promotion-video-transferred-2076296,22,45,18,0
,,,,,
27,https://www.ndtv.com/india-news/anurag-kashyap-among-signatories-in-letter-to-pm-narendra-modi-alleges-threat-on-twitter-2076369,13,50,47,0
,,,,,
27,https://www.ndtv.com/india-news/pm-narendra-modi-kargil-victory-was-symbol-of-indias-determination-capability-2076364,7,1,1,0
,,,,,
27,https://www.ndtv.com/karnataka-news/formation-of-government-by-bjp-in-karnataka-is-victory-of-horsetrading-siddaramaiah-2076290,7,7,5,0
,,,,,
27,https://www.ndtv.com/india-news/will-put-an-end-to-what-congress-started-says-shivraj-chouhan-2076401,6,53,9,0
,,,,,
27,https://www.ndtv.com/india-news/summoned-by-investigators-kamal-naths-nephew-flees-during-toilet-break-2076357,7,50,45,0
,,,,,
27,https://www.ndtv.com/delhi-news/3-of-family-found-dead-on-iit-campus-in-delhi-police-suspect-suicide-2076106,6,61,107,0
,,,,,
27,https://www.ndtv.com/kolkata-news/spicejet-engineer-killed-during-aircraft-maintenance-in-kolkata-was-untrained-working-without-superv-2076087,5,5,1,0
,,,,,
27,https://www.ndtv.com/india-news/bjp-destroying-future-congress-slams-centre-after-1-crore-trees-cut-2076251,4,9,1,0
,,,,,
27,https://www.ndtv.com/india-news/encounter-breaks-out-in-jammu-and-kashmirs-shopian-district-2076114,3,9,1,0
,,,,,
27,https://www.ndtv.com/india-news/15-per-cent-of-court-complexes-without-washrooms-for-women-report-2076388,2,0,0,0
,,,,,
27,https://www.ndtv.com/entertainment/preity-zinta-is-on-her-best-behaviour-when-she-is-around-her-mother-in-law-2076242,3,28,27,0
,,,,,
27,https://www.ndtv.com/world-news/might-be-on-wine-donald-trump-eyes-tit-for-tat-tax-on-france-2076133,1,0,0,0
,,,,,
27,https://www.ndtv.com/india-news/rape-survivor-asked-to-settle-case-for-rs-1-lakh-in-jharkhand-report-2076380,2,5,0,0
,,,,,
27,https://www.ndtv.com/offbeat/worlds-largest-concert-piano-strikes-chord-in-new-concert-hall-in-latvia-2076265,0,0,0,0
,,,,,
27,https://www.ndtv.com/entertainment/on-cutest-bro-kriti-sanons-birthday-sonakshi-sinha-ayushmann-khurrana-and-others-post-wishes-2076304,0,0,0,0
,,,,,
28,https://www.ndtv.com/world-news/barack-obama-shares-op-ed-criticizing-trumps-poisoning-of-democracy-2076448,42,360,321,0
,,,,,
28,https://www.ndtv.com/india-news/robert-vadra-shares-video-on-facebook-of-cow-that-can-predict-future-2076476,42,78,14,0
,,,,,
28,https://www.ndtv.com/entertainment/these-pictures-of-priyanka-chopra-and-nick-jonas-from-miami-vacation-will-make-you-go-aww-2076508,12,129,79,1
,,,,,
28,https://www.ndtv.com/business/nirmala-sitharaman-says-won-t-rethink-overseas-sovereign-bonds-report-2076515,38,568,518,0
,,,,,
28,https://www.ndtv.com/india-news/will-approach-supreme-court-rebel-jds-lawmaker-after-disqualification-2076606,34,141,21,0
,,,,,
28,https://www.ndtv.com/business/adani-group-to-invest-rs-5-500-crore-in-uttar-pradesh-in-5-years-gautam-adani-2076633,13,91,72,0
,,,,,
28,https://www.ndtv.com/world-news/donald-trump-threatens-not-to-recognise-chinas-special-status-at-wto-2076415,6,3,0,0
,,,,,
28,https://www.ndtv.com/india-news/pm-modi-on-chandrayaan-2-in-mann-ki-baat-ability-to-overcome-setback-within-us-2076500,9,88,78,0
,,,,,
28,https://www.ndtv.com/world-news/over-800-protesters-demanding-fair-elections-arrested-in-russia-2076433,5,4,2,0
,,,,,
28,https://www.ndtv.com/india-news/vijay-mallya-goes-to-top-court-seeking-stay-on-seizure-of-properties-2076419,6,4,6,0
,,,,,
28,https://www.ndtv.com/world-news/cnn-anchors-emotional-response-to-trumps-rant-about-infested-hometown-2076443,5,33,33,0
,,,,,
28,https://www.ndtv.com/world-news/how-alexandria-ocasio-cortezs-squad-turned-into-most-polarising-word-of-the-year-2076445,7,26,14,0
,,,,,
28,https://www.ndtv.com/cities/3-year-old-girl-allegedly-raped-in-up-village-2076439,1,0,0,0
,,,,,
28,https://www.ndtv.com/india-news/extremely-heavy-rain-forecast-for-parts-of-north-gujarat-tomorrow-2076663,1,0,0,0
,,,,,
28,https://www.ndtv.com/world-news/vietnam-detains-380-chinese-people-in-illegal-online-gambling-bust-2076655,1,0,0,0
,,,,,
28,https://www.ndtv.com/india-news/ex-chief-minister-and-meghalaya-assembly-speaker-donkupar-roy-dies-at-64-2076627,1,0,0,0
,,,,,
28,https://www.ndtv.com/india-news/prime-minister-narendra-modi-likely-to-attend-key-party-meeting-with-jammu-and-kashmir-leaders-2076658,1,0,1,0
,,,,,
28,https://www.ndtv.com/cities/madhya-pradesh-man-sends-talaqnama-to-wife-on-stamp-paper-2076574,2,3,2,0
,,,,,
28,https://www.ndtv.com/india-news/4-kanwar-pilgrims-from-haryana-killed-in-accident-in-uttarakhands-tehri-2076665,0,0,0,0
,,,,,
28,https://sports.ndtv.com/cricket/virat-kohli-to-not-hold-pre-departure-press-conference-for-india-s-tour-of-west-indies-2076551,0,0,0,0
,,,,,
29,https://www.ndtv.com/offbeat/cringe-worthy-video-shows-indian-family-busted-stealing-from-bali-hotel-2077076,13,518,496,0
,,,,,
29,https://www.ndtv.com/india-news/venkaiah-naidu-breaks-down-remembering-7-am-breakfast-friend-jaipal-reddy-2077004,10,37,23,0
,,,,,
29,https://www.ndtv.com/india-news/shashi-tharoor-says-congress-headless-too-long-warns-of-unease-in-ranks-2077094,11,224,206,0
,,,,,
29,https://www.ndtv.com/india-news/bjp-issues-whip-as-triple-talaq-bill-set-to-come-up-in-rajya-sabha-today-2077248,14,5013,5020,0
,,,,,
29,https://www.ndtv.com/business/finance-minister-nirmala-sitharaman-seeks-more-rate-cuts-says-no-review-on-overseas-borrowing-plan-2076798,10,19,5,0
,,,,,
29,https://www.ndtv.com/business/37-year-old-former-school-teacher-byju-raveendran-is-indias-newest-billionaire-2076877,10,179,177,0
,,,,,
29,https://www.ndtv.com/india-news/public-opinion-needed-for-laws-to-be-successful-says-pranab-mukherjee-2076710,5,3,2,0
,,,,,
29,https://www.ndtv.com/india-news/mamata-banerjee-wants-unnao-survivors-accident-probed-what-about-up-2077168,5,39,43,0
,,,,,
29,https://www.ndtv.com/education/civil-service-success-story-ips-noorul-hassan-2077022,5,43,0,0
,,,,,
29,https://www.ndtv.com/entertainment/sara-ali-khans-love-aaj-kal-2-takeaway-got-paid-for-bike-rides-with-kartik-aaryan-2077020,9,103,65,0
,,,,,
29,https://www.ndtv.com/world-news/iran-warned-uk-warship-as-it-seized-tanker-dont-put-life-in-danger-2077019,6,7,4,0
,,,,,
29,https://www.ndtv.com/india-news/prashant-kishor-to-skip-mamata-banerjees-press-conference-today-2076812,7,8,1,0
,,,,,
29,https://www.ndtv.com/world-news/saudi-king-salmans-brother-prince-bandar-bin-abdulaziz-al-saud-dies-at-96-2076897,2,0,0,0
,,,,,
29,https://www.ndtv.com/jobs/tn-trb-answer-key-2019-computer-instructors-answer-key-trb-tn-nic-in-2077178,1,0,0,0
,,,,,
29,https://www.ndtv.com/education/neet-medical-counselling-committee-warns-against-fake-allotment-nomination-letters-2077024,1,0,0,0
,,,,,
29,https://www.ndtv.com/cities/inter-state-gang-allegedly-involved-in-robbing-atms-busted-in-madhya-pradesh-5-arrested-2077193,1,0,0,0
,,,,,
29,https://www.ndtv.com/mumbai-news/iit-bombay-sets-up-panel-on-man-vs-animal-day-after-cow-in-classroom-2077198,3,16,17,0
,,,,,
29,https://www.ndtv.com/india-news/mukesh-goud-senior-andhra-pradesh-congress-leader-dies-at-60-due-to-cancer-2077192,4,0,4,0
,,,,,
29,https://www.ndtv.com/cities/19-year-old-man-swept-away-in-maharashtra-river-2077132,0,0,0,0
,,,,,
29,https://www.ndtv.com/jobs/rrb-je-result-2019-date-update-2076833,0,0,0,0
,,,,,
30,https://www.ndtv.com/india-news/sanjay-singh-quits-congress-says-will-join-bjp-tomorrow-2077557,14,54,18,0
,,,,,
30,https://www.ndtv.com/india-news/top-up-officers-take-chopper-ride-to-shower-flowers-on-kanwar-pilgrims-2077265,73,365,15,0
,,,,,
30,https://www.ndtv.com/cities/chiplun-ratnagiri-maharashtra-8-foot-long-crocodile-emerges-out-of-drain-in-chiplun-maharashtra-2077776,10,27,26,0
,,,,,
30,https://www.ndtv.com/india-news/priyanka-gandhi-on-unnao-rape-accused-protection-of-political-power-2077457,75,189,254,0
,,,,,
30,https://www.ndtv.com/india-news/on-triple-talaq-bill-a-surprise-move-from-mehbooba-muftis-pdp-lawmakers-2077773,13,239,214,0
,,,,,
30,https://www.ndtv.com/india-news/triple-talaq-bill-only-one-part-of-many-attacks-on-muslim-identity-since-2014-asaduddin-owaisi-2077807,32,33,39,0
,,,,,
30,https://www.ndtv.com/entertainment/malaika-arora-maanayata-dutt-and-others-visit-kaykasshan-patel-after-husband-areef-patels-sudden-dea-2077756,5,47,30,0
,,,,,
30,https://www.ndtv.com/entertainment/sanjay-dutt-says-adheera-from-kgf-chapter-2-is-like-thanos-from-avengers-2077339,7,60,45,0
,,,,,
30,https://www.ndtv.com/education/neet-2019-pil-against-absence-of-ews-quota-in-private-medical-colleges-2077777,6,3,0,0
,,,,,
30,https://www.ndtv.com/mumbai-news/mumbai-autorickshaw-driver-arrested-for-masturbating-in-front-of-passenger-cops-2077752,6,1,1,0
,,,,,
30,https://www.ndtv.com/india-news/no-issue-in-following-dress-code-at-mahakaleshwar-temple-uma-bharti-2077827,6,0,0,0
,,,,,
30,https://www.ndtv.com/cities/maharashtra-teacher-arrested-for-allegedly-raping-teenage-daughters-2077271,5,31,23,0
,,,,,
30,https://www.ndtv.com/science/drug-resistant-strain-of-malaria-is-making-it-almost-untreatable-in-southeast-asia-2077292,1,2,0,0
,,,,,
30,https://www.ndtv.com/business/state-bank-of-india-tightens-lending-terms-for-auto-dealers-report-2077382,1,1,0,0
,,,,,
30,https://www.ndtv.com/entertainment/vijay-death-hoax-cricketer-r-ashwin-posts-scathing-tweet-on-trending-hashtag-2077509,2,4,6,0
,,,,,
30,https://www.ndtv.com/india-news/google-doodle-celebrates-133rd-birthday-of-indias-first-woman-legislator-muthulakshmi-reddi-2077279,2,0,0,0
,,,,,
30,https://www.ndtv.com/india-news/jammu-and-kashmir-governor-satya-pal-malik-rejects-rumours-over-special-status-says-no-order-valid-2077584,2,0,0,0
,,,,,
30,https://www.ndtv.com/entertainment/karan-johar-paid-rs-6-crore-for-the-hindi-remake-rights-of-dear-comrade-report-2077443,1,0,0,0
,,,,,
30,https://www.ndtv.com/business/online-share-market-trading-ideas-buy-firstsource-solutions-lupin-shares-says-choice-broking-2077452,0,0,0,0
,,,,,
30,https://www.ndtv.com/business/hindi/share-market-news-live-updates-on-30-july-2019-2077378,0,0,0,0
31,https://www.ndtv.com/india-news/dead-or-alive-enforcement-directorate-changes-status-of-key-witness-in-24-hours-2078167,17,48,15,0
,,,,,
31,https://www.ndtv.com/india-news/unnao-rape-survivors-letter-to-chief-justice-of-india-ranjan-gogoi-alleging-threats-sent-over-2-week-2077969,23,16,2,0
,,,,,
31,https://www.ndtv.com/india-news/smriti-irani-gets-front-row-in-lok-sabha-rahul-gandhi-retains-second-row-2078388,44,63,25,0
,,,,,
31,https://www.ndtv.com/india-news/unnao-top-cop-on-25-complaints-from-rape-survivor-still-studying-them-2078279,14,54,1,0
,,,,,
31,https://www.ndtv.com/entertainment/ranveer-singh-posts-shirtless-pic-zoya-akhtar-comments-behave-2078407,12,248,215,0
,,,,,
31,https://www.ndtv.com/offbeat/same-sex-couple-from-india-and-pakistan-win-twitter-with-stunning-pics-2078238,67,526,325,0
,,,,,
31,https://www.ndtv.com/entertainment/actor-sunil-grover-says-life-before-gutthi-was-harsh-i-had-no-income-2078380,8,115,120,0
,,,,,
31,https://www.ndtv.com/kolkata-news/kolkata-man-wife-gagged-to-death-another-couple-killed-stuffed-in-bags-2077871,7,3,1,0
,,,,,
31,https://www.ndtv.com/india-news/supreme-court-asks-centre-to-take-steps-to-regulate-app-based-taxi-providers-2078012,5,0,0,0
,,,,,
31,https://www.ndtv.com/india-news/karnataka-leaders-condole-cafe-coffee-day-owner-vg-siddharthas-death-2077921,8,8,0,0
,,,,,
31,https://www.ndtv.com/india-news/526-teeth-extracted-from-7-year-olds-mouth-in-saveetha-dental-college-and-hospital-chennai-2078288,5,7,3,0
,,,,,
31,https://www.ndtv.com/world-news/stunning-rare-photo-captures-sea-lion-falling-into-whales-mouth-2077896,7,122,109,0
,,,,,
31,https://www.ndtv.com/entertainment/paul-mccartney-cant-remember-every-beatles-song-ive-written-an-awful-lot-2078255,1,0,0,0
,,,,,
31,https://www.ndtv.com/offbeat/playful-seal-shakes-hands-with-diver-social-media-goes-aww-2077937,2,14,13,0
,,,,,
31,https://www.ndtv.com/india-news/yogi-adityanath-transfers-26-officers-in-late-night-reshuffle-2077915,3,18,0,0
,,,,,
31,https://www.ndtv.com/business/post-office-saving-schemes-interest-rates-minimum-investment-premature-closure-fixed-deposit-monthly-2078256,3,0,1,0
,,,,,
31,https://www.ndtv.com/india-news/gibraltar-to-decide-on-release-of-indians-aboard-seized-iranian-ship-uk-2078358,2,0,0,0
,,,,,
31,https://www.ndtv.com/india-news/in-haryana-gau-rakshak-shot-dead-but-cops-say-no-cow-smuggling-links-2078365,3,9,4,0
,,,,,
31,https://www.ndtv.com/business/hindi/the-iphone-maker-apples-business-revenue-2078066,0,0,0,0
,,,,,
31,https://sports.ndtv.com/badminton/thailand-open-saina-nehwal-kidambi-srikanth-advance-to-second-round-2078408,0,0,0,0
